Date,Open,High,Low,Close,Adj Close,Volume
2016-12-09,111.410004,112.430000,111.199997,112.260002,98.385445,7672100
2016-12-12,112.690002,115.400002,112.580002,115.360001,101.102287,9544600
2016-12-13,115.529999,115.970001,115.010002,115.889999,101.566803,7051600
2016-12-14,116.120003,117.300003,114.580002,114.989998,100.778030,9378700
2016-12-15,115.330002,115.919998,114.889999,115.889999,101.566803,6738100
2016-12-16,116.410004,116.459999,115.459999,115.879997,101.558037,11291100
2016-12-19,116.070000,116.660004,115.940002,116.019997,101.680733,6310800
2016-12-20,115.980003,116.250000,114.910004,115.660004,101.365219,5715200
2016-12-21,116.199997,116.199997,114.739998,115.309998,101.058487,5907600
2016-12-22,115.000000,115.529999,113.879997,115.440002,101.172417,4602300
2016-12-23,115.400002,116.320000,115.300003,115.959999,101.628128,2992500
2016-12-27,115.889999,116.000000,115.379997,115.910004,101.584320,3232600
2016-12-28,115.879997,116.160004,115.050003,115.099998,100.874443,3278300
2016-12-29,115.230003,115.870003,115.010002,115.489998,101.216232,2993600
2016-12-30,115.800003,115.989998,114.980003,115.209999,100.970833,5506700
2017-01-03,115.779999,116.000000,115.230003,115.839996,101.522972,5953000
2017-01-04,115.500000,116.230003,115.309998,115.650002,101.356476,5828900
2017-01-05,116.000000,116.970001,115.440002,116.860001,102.416931,6217200
2017-01-06,116.669998,117.000000,115.760002,116.300003,101.926147,5221400
2017-01-09,116.349998,116.610001,115.889999,116.279999,101.908600,5457500
2017-01-10,116.029999,117.000000,115.870003,116.160004,101.803444,5312800
2017-01-11,116.080002,116.250000,114.019997,114.730003,100.550163,8887200
2017-01-12,114.269997,114.730003,113.370003,114.620003,100.453773,6627300
2017-01-13,114.940002,115.019997,114.440002,114.599998,100.436234,4935200
2017-01-17,113.940002,115.050003,113.669998,114.870003,100.672882,6255400
2017-01-18,114.870003,115.099998,114.410004,114.699997,100.523880,5014600
2017-01-19,114.680000,114.900002,113.919998,114.199997,100.085663,5540800
2017-01-20,114.489998,115.029999,114.080002,114.150002,100.041847,7502400
2017-01-23,114.510002,114.769997,113.800003,113.910004,99.831505,7989800
2017-01-24,112.910004,113.300003,111.150002,111.760002,97.947250,12450300
2017-01-25,111.930000,112.800003,110.760002,112.800003,98.858704,9385500
2017-01-26,112.000000,112.839996,111.599998,111.839996,98.017365,10164300
2017-01-27,112.000000,113.540001,111.900002,113.379997,99.367020,8886100
2017-01-30,113.400002,113.599998,112.849998,113.129997,99.147926,6969400
2017-01-31,112.790001,113.400002,112.430000,113.250000,99.253082,8713400
2017-02-01,112.480003,113.320000,112.470001,113.230003,99.235565,7082300
2017-02-02,112.820000,113.620003,112.769997,113.570000,99.533539,7826300
2017-02-03,113.500000,113.660004,112.660004,113.639999,99.594887,7267600
2017-02-06,113.459999,113.589996,112.620003,113.400002,99.384552,6178400
2017-02-07,113.599998,113.620003,113.050003,113.480003,99.454666,5507900
2017-02-08,113.300003,113.690002,113.150002,113.400002,99.384552,5272000
2017-02-09,113.400002,114.650002,113.400002,114.080002,99.980492,5854600
2017-02-10,114.320000,115.989998,114.230003,115.239998,100.997124,6438500
2017-02-13,115.279999,116.120003,115.220001,115.879997,101.558037,5710800
2017-02-14,115.440002,116.400002,115.320000,116.360001,101.978691,5539100
2017-02-15,115.900002,117.459999,115.589996,117.199997,102.714890,5979700
2017-02-16,117.000000,118.279999,117.000000,118.080002,103.486115,7119300
2017-02-17,118.190002,118.900002,118.050003,118.860001,104.169739,8691400
2017-02-21,118.400002,119.889999,118.320000,119.660004,104.870850,8595100
2017-02-22,119.279999,119.769997,119.250000,119.519997,104.748138,5103900
2017-02-23,119.519997,121.900002,119.480003,121.699997,106.658707,9980900
2017-02-24,121.500000,122.739998,120.900002,122.730003,108.273186,10835000
2017-02-27,122.129997,122.879997,122.099998,122.400002,107.982040,5946200
2017-02-28,122.010002,122.650002,121.940002,122.209999,107.814415,8885500
2017-03-01,122.489998,124.449997,122.419998,123.860001,109.270058,9393900
2017-03-02,123.750000,124.360001,123.019997,123.629997,109.067162,6950200
2017-03-03,123.629997,123.930000,123.230003,123.790001,109.208313,5585200
2017-03-06,123.010002,124.430000,122.599998,123.709999,109.137718,6670700
2017-03-07,122.580002,124.459999,122.389999,123.830002,109.243584,6644000
2017-03-08,123.750000,124.680000,123.500000,124.099998,109.481773,7909900
2017-03-09,124.580002,126.209999,124.169998,125.949997,111.113861,8571100
2017-03-10,126.040001,126.489998,125.540001,126.209999,111.343239,7395400
2017-03-13,125.830002,126.949997,125.790001,126.680000,111.757881,7162500
2017-03-14,126.860001,127.750000,126.769997,127.050003,112.084297,7679700
2017-03-15,127.050003,129.000000,126.599998,128.960007,113.769318,8360600
2017-03-16,128.440002,128.699997,127.769997,128.460007,113.328217,7610700
2017-03-17,128.449997,128.940002,127.949997,128.059998,112.975304,13300800
2017-03-20,128.039993,128.419998,127.970001,128.070007,112.984138,5827500
2017-03-21,128.380005,128.449997,127.139999,127.250000,112.260735,7578600
2017-03-22,127.050003,127.650002,126.209999,126.260002,111.387352,10272700
2017-03-23,126.099998,127.000000,125.660004,125.900002,111.069756,8508100
2017-03-24,125.860001,126.360001,125.129997,125.480003,110.699219,6490300
2017-03-27,125.160004,126.139999,125.150002,125.800003,110.981529,5004300
2017-03-28,125.620003,125.779999,124.779999,125.660004,110.858009,5287600
2017-03-29,125.050003,125.330002,124.360001,124.919998,110.205200,3971800
2017-03-30,124.739998,125.430000,124.279999,124.660004,109.975822,4711700
2017-03-31,124.110001,124.830002,124.029999,124.550003,109.878777,5657600
2017-04-03,124.730003,125.309998,124.279999,124.690002,110.002289,4956400
2017-04-04,124.510002,124.769997,124.220001,124.680000,109.993462,5358500
2017-04-05,124.720001,125.599998,124.410004,124.800003,110.099327,5646300
2017-04-06,124.849998,125.459999,124.500000,125.050003,110.319885,4324200
2017-04-07,125.120003,125.470001,124.830002,124.919998,110.205200,3615100
2017-04-10,124.870003,124.949997,124.230003,124.339996,109.693512,4594200
2017-04-11,124.260002,124.790001,123.949997,124.220001,109.587669,4161500
2017-04-12,124.540001,125.459999,124.360001,125.400002,110.628662,5556600
2017-04-13,125.129997,125.650002,124.959999,124.989998,110.266960,5396500
2017-04-17,125.019997,125.809998,124.930000,125.720001,110.910965,5367500
2017-04-18,123.180000,123.370003,120.949997,121.820000,107.470352,13485700
2017-04-19,122.099998,122.279999,121.110001,121.370003,107.073364,6993100
2017-04-20,121.860001,122.150002,121.349998,121.870003,107.514458,6330100
2017-04-21,121.779999,122.040001,121.540001,121.760002,107.417419,6021700
2017-04-24,122.519997,123.209999,122.150002,122.889999,108.414314,5679000
2017-04-25,123.339996,123.750000,123.010002,123.430000,108.890701,5090000
2017-04-26,123.790001,124.260002,123.480003,123.510002,108.961281,5021800
2017-04-27,123.580002,124.309998,123.400002,123.739998,109.164185,4225200
2017-04-28,123.849998,123.900002,123.129997,123.470001,108.926010,4381800
2017-05-01,123.400002,123.779999,123.000000,123.339996,108.811295,4556400
2017-05-02,123.519997,123.739998,122.889999,123.699997,109.128899,4881600
2017-05-03,123.589996,123.699997,123.040001,123.330002,108.802467,3736500
2017-05-04,123.690002,123.949997,123.230003,123.949997,109.349457,3753700
2017-05-05,123.800003,123.800003,122.860001,123.510002,108.961281,4139800
2017-05-08,123.529999,123.800003,123.019997,123.250000,108.731918,3608600
2017-05-09,123.230003,123.470001,122.879997,123.209999,108.696617,3762500
2017-05-10,122.910004,123.059998,122.379997,122.809998,108.343735,4237400
2017-05-11,122.500000,123.209999,122.339996,123.199997,108.687790,4095900
2017-05-12,123.110001,124.099998,123.010002,123.639999,109.075981,4097100
2017-05-15,124.410004,127.360001,124.330002,126.989998,112.031364,9854600
2017-05-16,127.339996,128.369995,127.059998,127.769997,112.719490,7233800
2017-05-17,127.769997,127.889999,126.449997,126.669998,111.749046,6480800
2017-05-18,126.459999,127.870003,125.959999,126.970001,112.013718,6571300
2017-05-19,127.029999,127.389999,126.440002,127.000000,112.040184,6957200
2017-05-22,126.629997,127.650002,126.629997,127.260002,112.269569,4858200
2017-05-23,127.309998,128.149994,127.309998,127.519997,112.498932,3972500
2017-05-24,127.790001,128.000000,127.290001,127.510002,112.490112,3965200
2017-05-25,126.739998,127.620003,126.330002,127.529999,113.253830,5294300
2017-05-26,127.230003,127.669998,126.830002,126.919998,112.712143,4005200
2017-05-30,126.699997,127.389999,126.190002,127.110001,112.880844,3665400
2017-05-31,127.349998,128.800003,127.349998,128.250000,113.893242,8813500
2017-06-01,128.320007,128.779999,128.119995,128.779999,114.363907,5790900
2017-06-02,129.050003,130.139999,128.830002,130.080002,115.518379,6562600
2017-06-05,129.970001,130.520004,129.800003,130.360001,115.767044,4634700
2017-06-06,130.179993,131.330002,130.029999,130.830002,116.184410,5619100
2017-06-07,131.000000,131.479996,130.580002,130.750000,116.113396,5765200
2017-06-08,130.750000,131.399994,129.960007,130.550003,115.935783,8101700
2017-06-09,130.369995,131.699997,130.309998,131.529999,116.806084,5992500
2017-06-12,131.529999,131.830002,131.419998,131.820007,117.063614,8020700
2017-06-13,131.750000,132.729996,131.399994,132.020004,117.241211,5733800
2017-06-14,132.509995,133.559998,132.509995,132.770004,117.907288,7329400
2017-06-15,132.000000,133.350006,131.809998,133.039993,118.147011,5265000
2017-06-16,133.720001,134.600006,133.039993,134.350006,119.310402,12639600
2017-06-19,134.149994,134.679993,133.490005,134.070007,119.061737,7488700
2017-06-20,133.899994,134.759995,133.899994,134.220001,119.194954,5201200
2017-06-21,134.289993,135.110001,134.020004,134.910004,119.807701,5841100
2017-06-22,135.449997,137.000000,135.270004,136.050003,120.820091,7311000
2017-06-23,135.449997,136.509995,135.320007,136.429993,121.157516,9007100
2017-06-26,136.479996,136.899994,136.199997,136.339996,121.077606,5561800
2017-06-27,136.500000,136.729996,134.990005,135.009995,119.896492,6120500
2017-06-28,135.949997,136.199997,133.570007,133.820007,118.839714,6557900
2017-06-29,133.399994,133.729996,132.309998,132.639999,117.791817,5750000
2017-06-30,132.699997,133.199997,132.279999,132.289993,117.480980,5264400
2017-07-03,132.789993,133.320007,132.649994,132.899994,118.022697,2931000
2017-07-05,132.979996,134.059998,132.419998,133.639999,118.679863,4302700
2017-07-06,133.610001,133.970001,132.410004,132.520004,117.685249,4282200
2017-07-07,132.910004,133.000000,131.690002,132.539993,117.702988,4994100
2017-07-10,132.740005,132.869995,131.229996,131.550003,116.823837,4019600
2017-07-11,131.429993,131.789993,130.479996,131.229996,116.539642,3733100
2017-07-12,132.039993,132.889999,131.770004,132.229996,117.427719,5053200
2017-07-13,132.100006,132.220001,130.990005,131.860001,117.099136,4424400
2017-07-14,132.000000,133.000000,131.740005,132.600006,117.756294,4383100
2017-07-17,132.710007,132.929993,131.750000,132.149994,117.356644,4939400
2017-07-18,131.619995,134.949997,131.080002,134.460007,119.408073,10256000
2017-07-19,134.839996,135.410004,134.520004,135.210007,120.074112,5503300
2017-07-20,135.729996,137.080002,135.619995,136.570007,121.281906,6088600
2017-07-21,135.330002,136.270004,135.100006,135.309998,120.162918,6773500
2017-07-24,134.990005,135.160004,132.850006,133.009995,118.120392,8306700
2017-07-25,133.740005,133.850006,131.449997,131.880005,117.116882,6262900
2017-07-26,131.660004,132.240005,130.750000,130.949997,116.291000,5382200
2017-07-27,130.850006,131.149994,129.570007,130.830002,116.184410,5838100
2017-07-28,131.139999,131.990005,130.520004,131.850006,117.090240,4970900
2017-07-31,132.139999,133.580002,132.100006,132.720001,117.862862,5440800
2017-08-01,133.169998,133.350006,132.279999,132.509995,117.676353,3837600
2017-08-02,132.080002,132.500000,131.500000,132.160004,117.365547,4032100
2017-08-03,131.910004,133.399994,131.509995,133.350006,118.422325,4327300
2017-08-04,133.740005,134.009995,132.800003,133.179993,118.271355,3192800
2017-08-07,133.089996,133.479996,132.509995,132.860001,117.987190,3010800
2017-08-08,132.500000,132.800003,131.399994,132.270004,117.463249,5535800
2017-08-09,132.809998,133.410004,132.369995,133.229996,118.315773,6332300
2017-08-10,133.039993,133.850006,132.369995,133.089996,118.191422,5607900
2017-08-11,133.639999,134.490005,132.750000,133.100006,118.200340,4270600
2017-08-14,134.199997,134.369995,132.869995,133.479996,118.537766,3041100
2017-08-15,133.850006,133.940002,133.199997,133.380005,118.448975,3931800
2017-08-16,134.080002,134.970001,133.860001,134.169998,119.150536,4469900
2017-08-17,134.179993,134.740005,133.029999,133.039993,118.147011,5741400
2017-08-18,132.669998,133.779999,132.380005,132.630005,117.782928,4792800
2017-08-21,132.279999,133.649994,132.190002,133.449997,118.511147,4660000
2017-08-22,133.270004,134.789993,132.899994,134.699997,119.621178,4150300
2017-08-23,134.429993,134.490005,132.649994,132.800003,117.933899,5129900
2017-08-24,132.820007,133.080002,132.270004,132.889999,118.013832,5398400
2017-08-25,131.910004,132.559998,131.619995,131.679993,117.683113,4133300
2017-08-28,131.679993,132.119995,131.490005,131.740005,117.736763,5349200
2017-08-29,131.570007,132.449997,131.300003,132.210007,118.156807,3277900
2017-08-30,132.000000,132.000000,130.899994,131.070007,117.137985,5430800
2017-08-31,131.389999,132.500000,131.250000,132.369995,118.299812,7407100
2017-09-01,132.600006,132.649994,130.940002,131.029999,117.102242,3820800
2017-09-05,130.720001,131.179993,129.720001,129.899994,116.092346,5146600
2017-09-06,130.539993,131.000000,130.210007,130.669998,116.780510,5601900
2017-09-07,130.860001,132.520004,130.250000,132.190002,118.138939,3800200
2017-09-08,132.000000,132.339996,130.869995,130.979996,117.057564,4854400
2017-09-11,131.369995,133.339996,131.020004,133.210007,119.050522,5724200
2017-09-12,133.830002,133.880005,131.929993,132.630005,118.532166,5465200
2017-09-13,132.669998,133.750000,131.850006,132.449997,118.371330,4679500
2017-09-14,132.139999,134.470001,131.990005,134.179993,119.917427,6274500
2017-09-15,134.789993,135.449997,134.179993,134.449997,120.158730,15522000
2017-09-18,134.440002,135.770004,134.110001,135.380005,120.989853,5260800
2017-09-19,135.020004,135.789993,134.350006,135.220001,120.846840,4903800
2017-09-20,133.250000,134.289993,132.339996,133.220001,119.059471,8705500
2017-09-21,133.309998,133.820007,131.380005,131.750000,117.745705,6051800
2017-09-22,131.990005,132.389999,131.270004,131.389999,117.423981,4334900
2017-09-25,131.470001,131.759995,130.830002,131.169998,117.227371,6017400
2017-09-26,131.500000,131.940002,130.820007,130.940002,117.021820,4516200
2017-09-27,131.000000,131.089996,129.429993,129.750000,115.958305,5796100
2017-09-28,129.910004,130.270004,129.289993,129.470001,115.708054,3992700
2017-09-29,129.580002,130.470001,129.050003,130.009995,116.190659,5736900
2017-10-02,130.160004,131.330002,130.020004,131.220001,117.272026,4492900
2017-10-03,131.649994,132.399994,131.360001,132.100006,118.058525,3900800
2017-10-04,132.399994,133.179993,132.100006,132.889999,118.764534,3589000
2017-10-05,132.889999,133.309998,132.360001,133.190002,119.032623,3741100
2017-10-06,133.000000,133.250000,132.479996,133.220001,119.059471,2469500
2017-10-09,133.660004,133.820007,133.169998,133.449997,119.265015,3750500
2017-10-10,133.559998,134.130005,132.919998,133.899994,119.667191,4184600
2017-10-11,134.880005,137.080002,134.369995,136.649994,122.124847,8269400
2017-10-12,136.339996,137.520004,136.020004,136.830002,122.285751,5172800
2017-10-13,136.600006,137.419998,136.339996,136.429993,121.928230,4106600
2017-10-16,136.449997,137.259995,135.539993,136.119995,121.651207,5120100
2017-10-17,137.669998,141.119995,137.059998,140.789993,125.824791,11717300
2017-10-18,140.789993,141.580002,140.070007,140.679993,125.726479,6827700
2017-10-19,140.710007,142.979996,140.539993,142.039993,126.941910,9181300
2017-10-20,142.380005,143.619995,141.830002,142.399994,127.263680,5634500
2017-10-23,142.130005,144.350006,142.080002,143.619995,128.353989,6686000
2017-10-24,143.380005,143.380005,140.929993,141.639999,126.584457,6585800
2017-10-25,141.160004,143.229996,140.960007,142.360001,127.227921,6563600
2017-10-26,142.509995,143.750000,141.380005,141.809998,126.736397,5841100
2017-10-27,141.000000,142.699997,140.199997,141.779999,126.709595,5140100
2017-10-30,141.080002,141.210007,139.320007,140.000000,125.118759,6034300
2017-10-31,140.020004,140.259995,138.979996,139.410004,124.591484,4832100
2017-11-01,139.830002,140.589996,139.339996,139.979996,125.100899,5006800
2017-11-02,140.110001,140.289993,139.110001,139.929993,125.056221,3494100
2017-11-03,139.729996,140.399994,139.300003,140.080002,125.190292,2737000
2017-11-06,140.009995,140.490005,139.720001,139.759995,124.904297,4220700
2017-11-07,140.080002,140.149994,138.910004,139.770004,124.913239,4201900
2017-11-08,139.699997,141.869995,139.460007,141.320007,126.298485,4440700
2017-11-09,140.860001,141.410004,139.800003,140.350006,125.431587,3517100
2017-11-10,140.130005,140.130005,138.610001,139.559998,124.725548,4240800
2017-11-13,139.009995,140.020004,138.419998,139.759995,124.904297,4322300
2017-11-14,139.570007,140.279999,138.919998,139.490005,124.662994,4078200
2017-11-15,139.229996,139.830002,138.750000,139.100006,124.314453,4811500
2017-11-16,139.419998,139.679993,138.639999,138.869995,124.108871,4193800
2017-11-17,138.300003,138.860001,137.889999,138.000000,123.331383,4247400
2017-11-20,138.149994,138.559998,137.740005,137.929993,123.268806,4266300
2017-11-21,138.449997,139.259995,138.190002,138.339996,123.635254,5660600
2017-11-22,138.300003,138.380005,136.600006,137.289993,122.696815,3917000
2017-11-24,137.500000,138.380005,137.309998,138.009995,123.340294,2606800
2017-11-27,137.509995,138.309998,137.479996,138.100006,124.176514,3933100
2017-11-28,138.300003,140.529999,138.250000,140.020004,125.902977,5052800
2017-11-29,140.220001,140.630005,138.949997,139.809998,125.714142,5851400
2017-11-30,140.059998,140.279999,138.479996,139.330002,125.282524,8941900
2017-12-01,139.570007,140.529999,138.600006,139.979996,125.866989,5990500
2017-12-04,140.619995,141.500000,138.929993,139.009995,124.994797,5916700
2017-12-05,139.789993,140.809998,139.199997,139.669998,125.588234,6745300
2017-12-06,140.839996,141.960007,140.190002,141.059998,126.838097,5591700
2017-12-07,140.009995,141.500000,139.259995,140.009995,125.893959,4713100
2017-12-08,140.000000,140.759995,139.800003,140.589996,126.415466,5101300
2017-12-11,140.899994,141.169998,139.830002,141.139999,126.910042,4358600
2017-12-12,142.600006,143.570007,142.039993,142.600006,128.222824,8016700
2017-12-13,142.500000,143.429993,142.210007,142.889999,128.483582,6118400
2017-12-14,143.520004,143.619995,141.610001,141.649994,127.368622,5337900
2017-12-15,142.479996,143.139999,141.779999,142.460007,128.096954,12517000
2017-12-18,142.559998,143.800003,141.399994,141.800003,127.503494,5833200
2017-12-19,141.889999,142.380005,141.360001,141.779999,127.485550,6580100
2017-12-20,142.259995,142.580002,141.080002,141.160004,126.928040,6289800
2017-12-21,141.589996,142.169998,141.020004,141.059998,126.838097,6284700
2017-12-22,141.000000,141.350006,140.039993,140.119995,125.992859,4665600
2017-12-26,140.460007,140.539993,139.679993,140.089996,125.965881,3271100
2017-12-27,140.419998,141.149994,140.199997,140.570007,126.397522,3753600
2017-12-28,140.699997,141.000000,140.330002,140.559998,126.388504,2485000
2017-12-29,140.979996,141.210007,139.580002,139.720001,125.633232,4452900
2018-01-02,139.660004,139.949997,138.720001,139.229996,125.192612,6842100
2018-01-03,139.360001,140.679993,138.899994,140.559998,126.388504,5350500
2018-01-04,140.449997,141.139999,140.220001,140.550003,126.379509,4837600
2018-01-05,140.690002,141.820007,140.279999,141.710007,127.422600,6158800
2018-01-08,141.699997,142.000000,140.919998,141.889999,127.584427,5129800
2018-01-09,142.369995,145.679993,142.259995,144.139999,129.607590,8897000
2018-01-10,143.550003,144.160004,143.320007,143.970001,129.454742,6558600
2018-01-11,144.130005,144.899994,143.690002,144.789993,130.192032,4962200
2018-01-12,144.990005,146.419998,144.899994,145.759995,131.064270,5450600
2018-01-16,146.419998,148.059998,146.029999,146.860001,132.053360,8804000
2018-01-17,147.839996,148.320007,145.479996,146.979996,132.161270,10619700
2018-01-18,146.929993,147.440002,145.970001,146.919998,132.107285,5554800
2018-01-19,147.460007,147.649994,146.419998,147.360001,132.502930,8738800
2018-01-22,147.009995,148.139999,146.720001,148.139999,133.204300,7010400
2018-01-23,146.960007,147.440002,141.619995,141.830002,127.530479,17473600
2018-01-24,143.500000,143.559998,141.800003,142.070007,127.746284,13034400
2018-01-25,142.309998,144.660004,142.210007,144.399994,129.841354,7938800
2018-01-26,144.500000,145.600006,144.130005,145.330002,130.677597,8065600
2018-01-29,144.850006,144.940002,143.529999,143.679993,129.193954,8013400
2018-01-30,143.399994,143.820007,142.429993,142.429993,128.069962,8376100
2018-01-31,142.570007,142.570007,138.100006,138.190002,124.257446,13137400
2018-02-01,137.529999,140.669998,137.000000,140.020004,125.902977,9393600
2018-02-02,139.020004,140.360001,137.380005,137.679993,123.798889,9262500
2018-02-05,136.580002,137.000000,122.150002,130.389999,117.243874,19954100
2018-02-06,130.009995,132.990005,128.000000,131.830002,118.538689,19193500
2018-02-07,131.889999,133.429993,131.350006,131.419998,118.170036,10550400
2018-02-08,130.910004,131.250000,126.110001,126.360001,113.620178,11680200
2018-02-09,127.519997,130.919998,125.440002,129.529999,116.470573,15030900
2018-02-12,130.000000,131.320007,127.680000,130.270004,117.135979,9963900
2018-02-13,129.210007,130.600006,128.699997,129.960007,116.857224,6339000
2018-02-14,129.440002,130.009995,128.389999,129.669998,116.596466,6259700
2018-02-15,130.100006,131.279999,129.399994,131.229996,117.999176,5606400
2018-02-16,130.960007,134.449997,130.839996,133.149994,119.725594,7970100
2018-02-20,132.869995,133.449997,130.660004,130.869995,117.675491,6563500
2018-02-21,130.800003,132.429993,129.860001,129.910004,116.812271,6578000
2018-02-22,130.100006,131.020004,129.479996,129.910004,116.812271,5732200
2018-02-23,130.089996,132.080002,130.020004,132.020004,118.709518,5126800
2018-02-26,131.710007,133.410004,131.000000,132.070007,119.514946,6684400
2018-02-27,132.210007,133.089996,131.600006,131.669998,119.152969,7158600
2018-02-28,131.949997,132.330002,129.869995,129.880005,117.533134,7985900
2018-03-01,129.110001,130.119995,126.519997,127.279999,115.180290,9424000
2018-03-02,126.910004,129.110001,126.910004,128.820007,116.573898,6910400
2018-03-05,128.630005,130.300003,128.179993,129.789993,117.451675,5799800
2018-03-06,130.000000,130.199997,127.919998,128.220001,116.030937,5546500
2018-03-07,127.480003,129.330002,127.269997,129.039993,116.772972,6391700
2018-03-08,129.330002,132.300003,129.330002,132.059998,119.505875,6423400
2018-03-09,132.509995,133.820007,131.559998,133.800003,121.080460,7557800
2018-03-12,133.800003,134.229996,132.320007,132.630005,120.021683,4942000
2018-03-13,133.800003,135.389999,133.449997,134.350006,121.578209,9152300
2018-03-14,135.240005,135.699997,131.899994,132.320007,119.741180,6770600
2018-03-15,132.550003,134.240005,132.470001,133.059998,120.410820,6147200
2018-03-16,133.160004,134.399994,132.100006,133.679993,120.971878,14233500
2018-03-19,133.350006,133.470001,129.360001,130.240005,117.858917,6017000
2018-03-20,130.779999,131.779999,129.380005,131.210007,118.736717,6214300
2018-03-21,131.399994,132.779999,130.660004,131.190002,118.718597,5158700
2018-03-22,130.470001,130.679993,127.099998,127.379997,115.270767,7560100
2018-03-23,127.629997,127.800003,124.900002,125.099998,113.207520,8452500
2018-03-26,126.410004,127.540001,125.209999,127.389999,115.279831,8358200
2018-03-27,127.110001,129.100006,126.389999,127.209999,115.116936,7789900
2018-03-28,127.629997,129.020004,127.209999,127.449997,115.334106,6868500
2018-03-29,127.970001,128.759995,126.820000,128.149994,115.967567,6119400
2018-04-02,127.820000,127.879997,123.540001,124.559998,112.718872,8916900
2018-04-03,125.180000,128.490005,124.680000,128.350006,116.148567,8035000
2018-04-04,126.900002,131.119995,126.389999,130.410004,118.012733,7717100
2018-04-05,130.410004,131.199997,129.500000,130.710007,118.284233,5621700
2018-04-06,130.220001,130.639999,126.410004,128.100006,115.922340,6399300
2018-04-09,128.649994,131.139999,127.680000,129.479996,117.171143,6395800
2018-04-10,130.250000,130.910004,129.289993,130.250000,117.867943,6019300
2018-04-11,129.139999,130.350006,129.029999,129.630005,117.306892,4575400
2018-04-12,130.089996,131.309998,129.860001,130.429993,118.030823,4559800
2018-04-13,131.089996,131.419998,129.630005,130.619995,118.202766,4742300
2018-04-16,131.410004,132.880005,131.279999,131.759995,119.234406,6379600
2018-04-17,132.110001,132.199997,128.809998,130.539993,118.130356,11008700
2018-04-18,129.690002,129.899994,126.940002,127.720001,115.578453,9383600
2018-04-19,127.629997,128.270004,126.889999,127.550003,115.424629,5959500
2018-04-20,128.000000,128.300003,126.169998,126.660004,114.619225,7743900
2018-04-23,126.879997,127.300003,125.779999,126.830002,114.773056,7501900
2018-04-24,126.940002,127.459999,125.309998,126.190002,114.193909,6577500
2018-04-25,125.910004,126.849998,125.279999,126.760002,114.709724,5859600
2018-04-26,126.620003,129.220001,126.620003,128.009995,115.840897,8211100
2018-04-27,127.730003,128.789993,127.500000,128.270004,116.076180,4266800
2018-04-30,128.860001,128.979996,126.489998,126.489998,114.465393,8219400
2018-05-01,126.320000,126.639999,124.970001,126.010002,114.031021,5122600
2018-05-02,125.519997,126.180000,123.199997,123.500000,111.759621,7390800
2018-05-03,123.300003,123.690002,121.279999,123.029999,111.334297,7282900
2018-05-04,122.599998,124.510002,121.800003,124.190002,112.384041,6127600
2018-05-07,124.139999,125.239998,123.320000,123.589996,111.841072,6707900
2018-05-08,122.860001,123.489998,121.690002,122.610001,110.954231,5951800
2018-05-09,122.989998,124.050003,122.529999,123.510002,111.768692,6808600
2018-05-10,124.220001,126.050003,124.000000,125.349998,113.433762,4948000
2018-05-11,125.769997,127.599998,125.760002,127.239998,115.144104,5716700
2018-05-14,127.349998,127.610001,125.599998,126.059998,114.076256,6101600
2018-05-15,125.540001,125.830002,124.400002,125.129997,113.234665,5875700
2018-05-16,125.440002,125.900002,125.000000,125.349998,113.433762,3818100
2018-05-17,125.489998,125.589996,123.550003,123.849998,112.076363,6473400
2018-05-18,123.779999,124.440002,123.279999,124.239998,112.429298,5433900
2018-05-21,124.620003,124.989998,123.320000,123.720001,111.958717,5558700
2018-05-22,123.800003,124.239998,122.760002,122.910004,111.225731,7172700
2018-05-23,122.870003,123.970001,122.739998,123.449997,111.714378,4940800
2018-05-24,123.220001,123.389999,121.550003,122.250000,110.628441,6923600
2018-05-25,121.559998,122.800003,121.129997,121.470001,110.737862,4594800
2018-05-29,120.500000,120.800003,118.620003,119.400002,108.850746,9821900
2018-05-30,120.120003,121.580002,119.540001,120.970001,110.282021,6423700
2018-05-31,120.919998,121.250000,119.540001,119.620003,109.051315,10337500
2018-06-01,120.379997,121.320000,119.970001,121.260002,110.546402,5741000
2018-06-04,121.849998,122.370003,121.019997,121.949997,111.175446,4853000
2018-06-05,122.050003,122.559998,120.900002,121.480003,110.746979,5125400
2018-06-06,121.970001,122.790001,121.459999,122.790001,111.941238,6799300
2018-06-07,123.000000,123.489998,122.269997,123.330002,112.433510,7414100
2018-06-08,123.360001,124.849998,123.330002,124.059998,113.099007,6208100
2018-06-11,124.269997,124.339996,122.550003,122.660004,111.822716,5571400
2018-06-12,123.160004,123.180000,121.949997,122.540001,111.713318,5227300
2018-06-13,123.150002,124.089996,122.459999,122.629997,111.795372,5836900
2018-06-14,122.709999,123.150002,122.089996,122.410004,111.594818,5239200
2018-06-15,122.099998,122.730003,121.239998,122.610001,111.777130,13173500
2018-06-18,121.610001,121.809998,120.250000,121.320000,110.601097,6787400
2018-06-19,120.660004,123.169998,120.570000,122.570000,111.740669,8572400
2018-06-20,122.419998,122.660004,121.660004,122.040001,111.257484,6277200
2018-06-21,121.830002,122.239998,121.110001,121.449997,110.719643,4417200
2018-06-22,121.680000,123.379997,121.650002,122.839996,111.986809,9501400
2018-06-25,122.820000,123.430000,121.510002,122.589996,111.758896,8170500
2018-06-26,122.489998,122.889999,121.599998,122.349998,111.540092,5496400
2018-06-27,122.129997,122.970001,121.449997,121.610001,110.865494,5666000
2018-06-28,121.779999,122.410004,121.070000,122.000000,111.221031,5296800
2018-06-29,122.239998,123.180000,121.190002,121.339996,110.619331,7308700
2018-07-02,121.339996,121.730003,120.110001,121.580002,110.838150,5481400
2018-07-03,121.650002,123.459999,121.260002,122.709999,111.868286,4248100
2018-07-05,123.599998,125.120003,123.230003,125.000000,113.955971,7319100
2018-07-06,125.160004,125.919998,124.610001,125.750000,114.639709,7297900
2018-07-09,126.220001,126.750000,125.599998,126.050003,114.913193,6706100
2018-07-10,126.370003,127.519997,126.110001,127.379997,116.125679,5075600
2018-07-11,127.410004,127.440002,126.059998,126.239998,115.086426,4827400
2018-07-12,127.709999,128.210007,127.169998,127.760002,116.472115,6199000
2018-07-13,125.320000,127.500000,125.320000,125.930000,114.803810,8250200
2018-07-16,126.000000,126.099998,124.160004,124.690002,113.673370,7314400
2018-07-17,128.529999,130.539993,127.559998,129.110001,117.702858,12858700
2018-07-18,128.809998,129.050003,127.169998,127.800003,116.508575,7152000
2018-07-19,127.529999,127.699997,125.870003,125.940002,114.812920,5984600
2018-07-20,125.300003,126.139999,125.120003,125.849998,114.730881,5835500
2018-07-23,125.750000,126.680000,125.449997,126.629997,115.441963,4631100
2018-07-24,127.239998,129.619995,127.150002,129.360001,117.930748,7158800
2018-07-25,129.139999,129.229996,127.650002,128.619995,117.256134,6523000
2018-07-26,129.899994,131.220001,129.850006,130.279999,118.769463,7640600
2018-07-27,129.979996,132.270004,129.940002,131.550003,119.927269,6620400
2018-07-30,131.779999,132.490005,131.250000,132.169998,120.492500,11013100
2018-07-31,132.279999,132.639999,131.770004,132.520004,120.811577,7598900
2018-08-01,132.389999,132.960007,132.080002,132.639999,120.920959,5770400
2018-08-02,132.889999,133.000000,131.089996,131.250000,119.653778,6563300
2018-08-03,131.179993,132.699997,130.899994,131.949997,120.291916,6498700
2018-08-06,131.639999,132.529999,131.009995,132.020004,120.355721,5840000
2018-08-07,131.880005,132.169998,131.300003,131.460007,119.845222,4664600
2018-08-08,131.490005,131.800003,130.889999,131.169998,119.580833,3721500
2018-08-09,131.539993,131.720001,130.669998,131.199997,119.608192,4057800
2018-08-10,131.190002,131.630005,130.259995,130.750000,119.197975,4324000
2018-08-13,130.720001,130.899994,129.850006,130.220001,118.714783,3778000
2018-08-14,129.669998,130.470001,129.350006,129.500000,118.058380,4542800
2018-08-15,129.750000,130.740005,128.929993,130.429993,118.906204,5377300
2018-08-16,131.020004,132.880005,130.570007,132.479996,120.775078,7861500
2018-08-17,132.449997,135.000000,132.190002,134.470001,122.589287,6700900
2018-08-20,134.929993,137.119995,134.000000,136.880005,124.786339,7935000
2018-08-21,137.000000,137.429993,135.300003,135.350006,123.391525,5832100
2018-08-22,135.559998,135.679993,134.419998,134.610001,122.716919,4688400
2018-08-23,134.610001,135.490005,134.100006,135.110001,123.172722,5057600
2018-08-24,135.110001,136.149994,134.830002,135.949997,123.938507,4809400
2018-08-27,135.500000,136.050003,134.210007,134.919998,123.819214,4325900
2018-08-28,134.779999,134.899994,133.889999,134.320007,123.268578,6037500
2018-08-29,134.320007,134.940002,133.940002,134.860001,123.764145,4648700
2018-08-30,134.699997,135.600006,134.600006,134.949997,123.846725,4821900
2018-08-31,134.600006,135.000000,133.970001,134.690002,123.608131,6139500
2018-09-04,134.690002,134.750000,133.440002,133.720001,122.717926,4406800
2018-09-05,133.479996,135.940002,133.460007,135.860001,124.681854,6174800
2018-09-06,135.500000,137.309998,135.179993,136.869995,125.608765,6562000
2018-09-07,136.779999,137.690002,135.750000,137.320007,126.021751,6375200
2018-09-10,137.529999,138.470001,137.059998,137.210007,125.920822,4892200
2018-09-11,137.639999,138.910004,137.220001,138.509995,127.113831,7856800
2018-09-12,138.899994,139.990005,138.559998,139.360001,127.893898,6767700
2018-09-13,139.889999,140.479996,139.020004,139.889999,128.380310,6456100
2018-09-14,140.000000,140.350006,139.100006,139.490005,128.013199,4534800
2018-09-17,139.330002,140.399994,139.179993,139.960007,128.444550,5295500
2018-09-18,140.270004,140.839996,139.830002,140.539993,128.976822,4581200
2018-09-19,140.759995,140.990005,140.050003,140.460007,128.903397,5049900
2018-09-20,140.820007,142.139999,140.509995,141.979996,130.298309,5019300
2018-09-21,142.179993,143.130005,141.690002,142.880005,131.124283,13283400
2018-09-24,142.100006,142.500000,140.229996,140.470001,128.912567,6708000
2018-09-25,140.529999,140.960007,138.399994,138.639999,127.233139,7982800
2018-09-26,138.949997,140.000000,137.960007,138.160004,126.792641,7133300
2018-09-27,138.449997,139.580002,137.570007,138.220001,126.847710,6450500
2018-09-28,138.100006,138.559998,137.410004,138.169998,126.801804,6638500
2018-10-01,138.259995,139.850006,138.000000,139.690002,128.196747,4871800
2018-10-02,139.789993,140.729996,139.649994,140.479996,128.921738,6439100
2018-10-03,140.539993,141.270004,138.880005,139.029999,127.591049,5411800
2018-10-04,138.550003,139.529999,137.320007,139.350006,127.884727,4738700
2018-10-05,139.800003,140.250000,138.559998,139.100006,127.655296,4309300
2018-10-08,138.899994,139.679993,138.619995,139.389999,127.921425,5174100
2018-10-09,138.740005,139.619995,137.809998,139.199997,127.747063,4475300
2018-10-10,139.350006,140.460007,137.729996,137.729996,126.398010,7265600
2018-10-11,137.910004,138.660004,132.880005,133.839996,122.828079,11603200
2018-10-12,134.399994,134.410004,132.229996,133.869995,122.855606,6998000
2018-10-15,133.880005,135.300003,133.509995,133.949997,122.929039,6398700
2018-10-16,134.750000,137.990005,134.750000,136.559998,125.324295,9592800
2018-10-17,136.229996,140.000000,136.210007,139.460007,127.985680,8261100
2018-10-18,139.199997,139.809998,137.710007,139.500000,128.022400,7583900
2018-10-19,138.339996,140.000000,137.910004,139.050003,127.609436,5924800
2018-10-22,138.610001,139.259995,138.139999,138.679993,127.269852,4864300
2018-10-23,137.789993,139.490005,137.449997,138.929993,127.499268,8282700
2018-10-24,138.520004,140.110001,137.169998,137.470001,126.159431,8279200
2018-10-25,137.460007,139.089996,135.050003,138.470001,127.077141,9720700
2018-10-26,137.940002,139.300003,135.330002,136.970001,125.700577,11371400
2018-10-29,136.990005,139.100006,136.220001,137.550003,126.232811,6783000
2018-10-30,137.929993,141.100006,137.000000,140.750000,129.169510,9646200
2018-10-31,141.000000,141.429993,139.610001,139.990005,128.472061,9968900
2018-11-01,140.070007,141.580002,139.850006,140.820007,129.233780,6913500
2018-11-02,141.970001,142.000000,139.660004,140.679993,129.105286,7673200
2018-11-05,141.000000,142.740005,139.000000,142.199997,130.500275,5601400
2018-11-06,141.529999,142.830002,141.059998,142.570007,130.839783,5798900
2018-11-07,143.100006,144.869995,142.970001,144.750000,132.840439,7173600
2018-11-08,144.309998,145.789993,144.000000,145.300003,133.345169,5497100
2018-11-09,145.039993,145.740005,144.380005,145.339996,133.381866,5343100
2018-11-12,144.990005,146.240005,144.729996,145.619995,133.638840,7013600
2018-11-13,146.190002,146.750000,143.419998,144.679993,132.776199,7432300
2018-11-14,145.020004,145.309998,143.559998,144.250000,132.381592,6433100
2018-11-15,143.410004,144.509995,142.479996,144.500000,132.611008,6657900
2018-11-16,144.710007,146.740005,144.550003,145.990005,133.978424,8494300
2018-11-19,146.429993,148.440002,146.369995,147.729996,135.575256,8714600
2018-11-20,147.500000,148.750000,146.350006,146.449997,134.400543,8937700
2018-11-21,146.229996,146.229996,140.779999,141.990005,130.307526,10275400
2018-11-23,141.850006,142.729996,141.600006,142.229996,130.527771,3404900
2018-11-26,142.000000,142.050003,140.720001,141.369995,130.564728,7590900
2018-11-27,140.570007,143.350006,139.660004,143.220001,132.273346,5962100
2018-11-28,143.830002,146.559998,143.360001,146.440002,135.247192,8411400
2018-11-29,145.619995,147.199997,144.839996,145.850006,134.702301,6900000
2018-11-30,145.339996,147.000000,145.100006,146.899994,135.672043,12517600
2018-12-03,145.570007,146.630005,144.940002,146.210007,135.034775,8827200
2018-12-04,146.320007,148.990005,145.820007,146.029999,134.868515,9803500
2018-12-06,144.500000,146.449997,142.789993,145.910004,134.757721,11572500
2018-12-07,145.490005,147.339996,144.119995,145.429993,134.314407,9444500
2018-12-10,145.389999,145.880005,142.380005,145.259995,134.157379,6848100
2018-12-11,146.289993,148.210007,145.789993,146.500000,135.302612,9857400
2018-12-12,147.000000,148.490005,147.000000,147.100006,135.856766,8869200
2018-12-13,146.960007,148.589996,146.800003,147.839996,136.540192,6008300
2018-12-14,144.339996,145.380005,130.199997,133.000000,122.834442,58140200
2018-12-17,128.320007,131.649994,126.830002,129.139999,119.269485,36933100
2018-12-18,132.050003,132.800003,129.199997,130.419998,120.451675,24640100
2018-12-19,129.869995,131.350006,127.089996,127.610001,117.856422,21232100
2018-12-20,127.720001,129.750000,126.760002,128.270004,118.465981,16609600
2018-12-21,127.800003,130.600006,127.120003,128.089996,118.299751,19732900
2018-12-24,127.300003,128.000000,121.000000,122.839996,113.451004,7531900
2018-12-26,123.419998,126.760002,122.010002,126.709999,117.025208,9253000
2018-12-27,125.870003,127.410004,123.070000,127.410004,117.671722,9918700
2018-12-28,127.910004,128.750000,126.750000,127.269997,117.542419,6537200
2018-12-31,128.179993,129.550003,127.419998,129.050003,119.186371,7409900
2019-01-02,128.130005,128.380005,126.279999,127.750000,117.985725,7631700
2019-01-03,128.139999,128.270004,125.360001,125.720001,116.110893,8654500
2019-01-04,127.120003,128.649994,126.730003,127.830002,118.059608,8831700
2019-01-07,127.629997,128.350006,126.800003,127.010002,117.302292,8404700
2019-01-08,128.179993,130.500000,127.730003,129.960007,120.026817,9351600
2019-01-09,129.830002,130.240005,128.330002,128.929993,119.075523,7403500
2019-01-10,127.690002,129.889999,127.690002,129.710007,119.795921,6224400
2019-01-11,129.000000,129.839996,128.309998,129.750000,119.832863,5300400
2019-01-14,128.740005,128.960007,127.589996,128.279999,118.475220,7374400
2019-01-15,128.520004,129.490005,127.650002,129.360001,119.472679,5194400
2019-01-16,129.410004,129.410004,127.900002,128.039993,118.253548,6264200
2019-01-17,127.709999,129.520004,127.459999,129.089996,119.223312,7632000
2019-01-18,129.899994,131.179993,129.449997,130.690002,120.701012,10593000
2019-01-22,128.199997,129.500000,127.010002,128.800003,118.955475,10568100
2019-01-23,128.500000,129.300003,127.930000,128.800003,118.955475,9267800
2019-01-24,128.490005,128.699997,125.000000,127.029999,117.320755,9917000
2019-01-25,128.130005,128.449997,127.029999,128.229996,118.429047,7585100
2019-01-28,127.809998,129.149994,127.290001,128.990005,119.130959,6927700
2019-01-29,128.949997,130.470001,128.500000,130.330002,120.368538,6669300
2019-01-30,130.369995,132.190002,130.300003,131.639999,121.578400,7299300
2019-01-31,131.630005,135.190002,130.869995,133.080002,122.908356,17298100
2019-02-01,134.020004,134.690002,133.470001,134.199997,123.942734,9575200
2019-02-04,133.960007,134.149994,132.210007,132.880005,122.723633,7759000
2019-02-05,133.520004,133.880005,132.750000,132.880005,122.723633,6449800
2019-02-06,133.080002,133.570007,132.300003,133.000000,122.834442,5066100
2019-02-07,132.449997,132.639999,131.529999,132.050003,121.957092,6085300
2019-02-08,131.949997,132.460007,131.539993,132.399994,122.280312,4436700
2019-02-11,132.309998,132.669998,131.259995,132.000000,121.910873,4962200
2019-02-12,132.080002,134.300003,132.080002,134.160004,123.905800,6262300
2019-02-13,134.070007,134.979996,133.210007,134.449997,124.173615,7902200
2019-02-14,134.300003,134.820007,133.350006,134.309998,124.044319,3910400
2019-02-15,135.190002,136.410004,135.009995,136.380005,125.956146,6665000
2019-02-19,136.139999,136.380005,135.630005,135.690002,125.318848,5935500
2019-02-20,135.970001,136.729996,135.729996,136.350006,125.928406,6089800
2019-02-21,134.979996,135.789993,134.270004,135.419998,125.069489,6665500
2019-02-22,135.289993,136.639999,134.820007,136.600006,126.159279,5223900
2019-02-25,136.350006,137.490005,135.860001,136.199997,126.624138,6846600
2019-02-26,136.440002,136.960007,136.050003,136.110001,126.540466,5106900
2019-02-27,135.520004,136.250000,135.389999,135.869995,126.317322,4378100
2019-02-28,135.949997,137.949997,135.690002,136.639999,127.033203,10133200
2019-03-01,137.220001,138.610001,137.009995,138.350006,128.623001,5641600
2019-03-04,138.850006,139.410004,137.509995,138.479996,128.743851,8377700
2019-03-05,138.809998,139.139999,138.360001,138.770004,129.013458,6568900
2019-03-06,139.470001,139.649994,138.600006,139.089996,129.310944,6236900
2019-03-07,138.529999,139.119995,137.699997,138.240005,128.520737,6100400
2019-03-08,138.089996,139.300003,136.419998,138.059998,128.353378,7046700
2019-03-11,138.110001,139.029999,137.520004,138.559998,128.818222,6150400
2019-03-12,138.649994,140.000000,138.500000,139.179993,129.394623,5552900
2019-03-13,139.589996,139.839996,139.020004,139.410004,129.608429,6446900
2019-03-14,138.339996,138.800003,137.940002,138.020004,128.316193,8493600
2019-03-15,138.000000,138.259995,136.830002,137.600006,127.925720,11922500
2019-03-18,137.649994,137.779999,136.720001,137.169998,127.525948,7369600
2019-03-19,137.610001,138.820007,137.470001,138.440002,128.706635,5882500
2019-03-20,138.330002,138.509995,136.649994,137.289993,127.637535,5475700
2019-03-21,137.000000,138.779999,136.949997,138.100006,128.390579,5765100
2019-03-22,137.750000,138.389999,136.860001,136.910004,127.284241,6528800
2019-03-25,136.910004,137.009995,135.740005,136.610001,127.005295,4500300
2019-03-26,136.929993,139.270004,136.929993,138.570007,128.827499,4758600
2019-03-27,138.589996,139.479996,138.070007,138.699997,128.948380,6764900
2019-03-28,139.059998,139.460007,138.710007,138.880005,129.115753,4602100
2019-03-29,139.279999,139.880005,138.880005,139.789993,129.961746,7168400
2019-04-01,139.990005,140.289993,138.740005,138.979996,129.208679,5885200
2019-04-02,139.009995,139.009995,136.910004,137.710007,128.027969,5517800
2019-04-03,138.199997,138.240005,136.869995,137.169998,127.525948,5947000
2019-04-04,136.869995,137.009995,135.130005,135.570007,126.038445,5844600
2019-04-05,136.039993,136.580002,135.699997,136.179993,126.605553,4759700
2019-04-08,136.050003,136.509995,135.699997,136.139999,126.568367,4329600
2019-04-09,136.000000,136.259995,134.559998,135.570007,126.038445,5210300
2019-04-10,135.889999,136.130005,135.330002,135.580002,126.047745,4194100
2019-04-11,135.960007,136.179993,134.419998,135.210007,125.703766,4485200
2019-04-12,135.220001,136.350006,134.750000,135.979996,126.419609,5756800
2019-04-15,136.000000,136.789993,135.800003,136.520004,126.921654,5380900
2019-04-16,138.320007,140.699997,137.559998,138.020004,128.316193,10745700
2019-04-17,139.000000,140.149994,137.669998,138.520004,128.781052,9543700
2019-04-18,139.350006,140.240005,135.750000,137.520004,127.851311,10485300
2019-04-22,136.979996,138.490005,136.460007,137.830002,128.139557,4666500
2019-04-23,137.419998,140.850006,137.250000,139.899994,130.064011,5790500
2019-04-24,139.649994,140.139999,138.860001,139.199997,129.413208,5676300
2019-04-25,138.520004,139.770004,137.960007,139.649994,129.831573,5218100
2019-04-26,139.880005,140.520004,139.309998,140.389999,130.519562,4613600
2019-04-29,140.350006,140.429993,139.580002,139.839996,130.008209,4275200
2019-04-30,140.190002,141.449997,138.960007,141.199997,131.272614,6003700
2019-05-01,140.949997,142.350006,139.750000,141.949997,131.969894,6656300
2019-05-02,141.910004,142.149994,140.119995,141.279999,131.346985,8835600
2019-05-03,141.289993,142.089996,141.080002,142.009995,132.025681,5281600
2019-05-06,140.250000,142.240005,139.929993,142.089996,132.100052,5818900
2019-05-07,140.820007,141.380005,139.059998,139.970001,130.129074,6606700
2019-05-08,140.199997,140.919998,139.699997,139.789993,129.961746,4667300
2019-05-09,138.949997,139.320007,137.639999,138.729996,128.976288,5604200
2019-05-10,138.429993,139.250000,136.410004,139.050003,129.273788,4771600
2019-05-13,137.850006,138.059998,136.529999,137.199997,127.553825,5560000
2019-05-14,137.039993,137.839996,136.729996,136.820007,127.200562,7179400
2019-05-15,136.899994,137.490005,135.330002,136.910004,127.284241,6429400
2019-05-16,137.389999,139.190002,136.970001,138.210007,128.492844,6857200
2019-05-17,137.000000,139.029999,136.860001,138.610001,128.864731,6915300
2019-05-20,138.610001,138.960007,137.679993,138.419998,128.688065,4771100
2019-05-21,139.119995,139.570007,138.080002,138.119995,128.409164,4859000
2019-05-22,138.350006,138.949997,137.490005,138.759995,129.004150,5456800
2019-05-23,138.500000,139.850006,137.669998,139.789993,129.961746,6951800
2019-05-24,139.500000,139.500000,138.559998,138.850006,129.971115,5473300
2019-05-28,139.000000,140.490005,137.050003,137.070007,128.304932,11919600
2019-05-29,135.889999,135.889999,128.520004,131.330002,122.931984,23247400
2019-05-30,131.440002,132.820007,131.169998,132.110001,123.662094,7360600
2019-05-31,131.520004,132.000000,129.610001,131.149994,122.763474,7811000
2019-06-03,131.500000,132.399994,131.039993,131.440002,123.034935,8434600
2019-06-04,132.600006,134.300003,132.580002,133.729996,125.178497,6648900
2019-06-05,134.699997,135.130005,133.860001,134.380005,125.786934,6860600
2019-06-06,134.899994,137.660004,134.589996,136.679993,127.939865,9115800
2019-06-07,137.589996,139.589996,137.139999,138.550003,129.690292,6533900
2019-06-10,138.600006,139.149994,137.600006,139.020004,130.130234,4994700
2019-06-11,139.679993,140.660004,139.500000,139.779999,130.841629,8230500
2019-06-12,140.300003,142.910004,140.300003,141.679993,132.620148,9216500
2019-06-13,141.720001,141.949997,140.210007,140.710007,131.712173,7500800
2019-06-14,141.229996,141.490005,140.039993,140.089996,131.131805,6548100
2019-06-17,140.000000,140.240005,139.210007,139.440002,130.523376,5562800
2019-06-18,140.559998,140.929993,139.789993,140.229996,131.262848,7122700
2019-06-19,140.009995,140.970001,139.910004,140.449997,131.468796,6393400
2019-06-20,141.250000,142.399994,141.000000,142.210007,133.116257,7335800
2019-06-21,141.460007,142.429993,141.009995,142.089996,133.003922,11272200
2019-06-24,142.419998,143.699997,142.089996,143.059998,133.911896,5894700
2019-06-25,143.270004,144.979996,143.190002,144.240005,135.016434,7517000
2019-06-26,143.850006,143.850006,140.759995,141.850006,132.779266,7674100
2019-06-27,142.229996,142.500000,140.600006,140.690002,131.693466,5233500
2019-06-28,140.740005,141.100006,138.509995,139.279999,130.373596,12792400
2019-07-01,140.199997,140.259995,138.720001,139.360001,130.448471,5872300
2019-07-02,139.220001,140.029999,138.690002,140.029999,131.075638,4501200
2019-07-03,141.000000,142.179993,140.789993,142.139999,133.050720,3436300
2019-07-05,141.740005,141.860001,140.369995,140.570007,131.581131,4652400
2019-07-08,140.119995,141.080002,139.639999,140.970001,131.955536,4078100
2019-07-09,141.460007,142.470001,140.910004,141.410004,132.367416,4217400
2019-07-10,141.779999,141.990005,140.669998,141.210007,132.180191,4874400
2019-07-11,140.940002,141.210007,139.020004,140.110001,131.150543,5817400
2019-07-12,140.119995,140.119995,132.320007,134.300003,125.712044,17780100
2019-07-15,135.389999,136.360001,134.449997,134.710007,126.095848,10038200
2019-07-16,132.929993,133.830002,131.750000,132.500000,124.027145,10214500
2019-07-17,132.490005,133.580002,131.410004,131.860001,123.428085,8862100
2019-07-18,132.130005,132.509995,131.169998,132.070007,123.624657,6203100
2019-07-19,132.250000,132.389999,130.190002,130.309998,121.977203,8340200
2019-07-22,130.000000,130.149994,127.839996,128.639999,120.413994,12624800
2019-07-23,128.610001,129.449997,128.160004,128.839996,120.601196,5803600
2019-07-24,128.880005,129.789993,128.570007,129.779999,121.481087,6838600
2019-07-25,130.059998,131.529999,129.669998,131.119995,122.735405,8897800
2019-07-26,131.300003,131.300003,130.490005,130.729996,122.370331,4894600
2019-07-29,131.000000,133.309998,130.210007,133.020004,124.513908,7832000
2019-07-30,132.470001,132.490005,131.270004,132.080002,123.634033,5509600
2019-07-31,131.639999,132.000000,130.179993,130.220001,121.892960,8559200
2019-08-01,130.259995,130.740005,129.020004,130.289993,121.958488,7870700
2019-08-02,130.860001,131.470001,129.770004,131.070007,122.688622,6574900
2019-08-05,130.910004,131.460007,129.009995,130.160004,121.836807,9480000
2019-08-06,130.339996,131.220001,129.589996,130.770004,122.407784,7880600
2019-08-07,129.360001,130.910004,128.190002,130.210007,121.883591,6771700
2019-08-08,130.979996,131.949997,130.229996,131.679993,123.259575,5260500
2019-08-09,131.800003,132.759995,131.229996,132.039993,123.596565,4677300
2019-08-12,131.500000,132.699997,131.289993,131.929993,123.493614,6852100
2019-08-13,132.300003,134.100006,132.000000,133.419998,124.888321,5013200
2019-08-14,132.529999,132.539993,130.130005,130.259995,121.930389,7736200
2019-08-15,130.169998,131.070007,129.250000,130.539993,122.192497,7251200
2019-08-16,131.470001,131.669998,130.600006,131.360001,122.960052,5858900
2019-08-19,132.500000,132.570007,131.820007,132.250000,123.793152,4958000
2019-08-20,131.960007,132.660004,130.460007,130.600006,122.248650,7302000
2019-08-21,131.699997,132.410004,130.850006,131.529999,123.119186,6912800
2019-08-22,131.600006,132.130005,130.800003,131.270004,122.875824,7213500
2019-08-23,131.070007,131.259995,127.129997,127.730003,119.562180,15714000
2019-08-26,127.419998,128.080002,126.629997,127.800003,120.524117,8889500
2019-08-27,129.880005,132.399994,129.100006,129.639999,122.259354,20183800
2019-08-28,127.860001,128.869995,127.010002,128.679993,121.353996,9878800
2019-08-29,128.839996,129.199997,126.830002,128.240005,120.939072,6749900
2019-08-30,128.270004,129.100006,127.620003,128.360001,121.052231,7371100
2019-09-03,127.989998,128.979996,127.510002,128.740005,121.410599,5710200
2019-09-04,129.490005,129.589996,128.080002,128.860001,121.523758,4807200
2019-09-05,129.899994,129.899994,128.309998,128.580002,121.259705,4754100
2019-09-06,128.880005,129.229996,128.070007,128.210007,120.910782,6758300
2019-09-09,128.000000,128.160004,126.589996,126.949997,119.722496,7684700
2019-09-10,127.339996,129.550003,126.339996,129.550003,122.174477,8239500
2019-09-11,129.860001,131.279999,129.080002,131.169998,123.702255,6203600
2019-09-12,131.360001,131.770004,130.059998,130.429993,123.004379,5250000
2019-09-13,131.330002,131.570007,129.960007,130.779999,123.334450,5369800
2019-09-16,130.110001,130.750000,129.330002,129.539993,122.165039,5101700
2019-09-17,129.600006,130.500000,129.110001,129.669998,122.287643,4976400
2019-09-18,129.899994,130.559998,128.779999,130.410004,122.985519,4373600
2019-09-19,129.630005,131.190002,129.360001,130.110001,122.702591,4730100
2019-09-20,131.000000,132.000000,130.289993,131.649994,124.154900,12053100
2019-09-23,131.020004,132.050003,130.490005,131.740005,124.239807,5183700
2019-09-24,132.100006,132.779999,131.339996,131.550003,124.060623,7102600
2019-09-25,131.500000,131.570007,130.229996,130.990005,123.532501,4522900
2019-09-26,131.089996,131.309998,128.029999,128.850006,121.514343,7545800
2019-09-27,128.610001,129.399994,126.699997,128.600006,121.278580,6006500
2019-09-30,129.070007,130.279999,129.000000,129.380005,122.014160,6552100
2019-10-01,130.020004,130.800003,129.770004,129.990005,122.589439,7673000
2019-10-02,132.759995,134.699997,131.220001,132.000000,124.484985,12051800
2019-10-03,131.639999,132.369995,130.009995,131.190002,123.721123,6997600
2019-10-04,131.339996,133.720001,131.250000,133.660004,126.050499,7233300
2019-10-07,133.089996,133.820007,132.139999,133.160004,125.578957,5427200
2019-10-08,132.449997,133.259995,131.490005,131.839996,124.334099,7870400
2019-10-09,131.139999,131.250000,128.520004,129.220001,121.863281,7787700
2019-10-10,128.949997,130.119995,128.630005,129.059998,121.712372,5119700
2019-10-11,131.139999,132.619995,130.820007,131.330002,123.853149,7161400
2019-10-14,131.360001,131.360001,130.419998,130.720001,123.277863,5700000
2019-10-15,133.000000,134.250000,132.100006,132.839996,125.277184,10008800
2019-10-16,134.899994,136.589996,133.800003,135.169998,127.474518,12434200
2019-10-17,135.960007,137.490005,135.649994,136.169998,128.417603,8434000
2019-10-18,133.309998,134.389999,127.699997,127.699997,120.429810,25868700
2019-10-21,128.669998,129.669998,127.059998,128.020004,120.731590,13823600
2019-10-22,128.759995,130.539993,128.089996,129.199997,121.844391,7613700
2019-10-23,129.660004,130.479996,129.070007,129.899994,122.504570,6693400
2019-10-24,130.419998,130.580002,126.099998,127.500000,120.241196,12111600
2019-10-25,127.830002,129.100006,127.309998,128.350006,121.042801,6947300
2019-10-28,128.619995,130.000000,128.509995,129.179993,121.825539,7876300
2019-10-29,129.699997,129.970001,128.559998,129.119995,121.768944,4506300
2019-10-30,133.300003,133.529999,131.729996,132.839996,125.277184,9627600
2019-10-31,132.380005,132.839996,130.889999,132.039993,124.522713,7686700
2019-11-01,132.050003,133.000000,131.139999,131.199997,123.730545,5541800
2019-11-04,131.800003,131.949997,130.089996,130.229996,122.815758,6140300
2019-11-05,130.529999,131.470001,129.679993,130.419998,122.994965,6257300
2019-11-06,130.419998,131.479996,129.699997,130.960007,123.504219,5450000
2019-11-07,131.729996,132.380005,131.009995,131.429993,123.947449,5873700
2019-11-08,131.300003,133.039993,130.970001,133.000000,125.428062,5003000
2019-11-11,132.270004,132.520004,131.330002,131.979996,124.466125,4371400
2019-11-12,132.000000,132.089996,131.020004,131.350006,123.872017,5228700
2019-11-13,131.039993,131.490005,130.720001,131.270004,123.796570,5885400
2019-11-14,131.029999,131.360001,130.139999,130.960007,123.504219,4217500
2019-11-15,131.250000,134.970001,130.779999,134.940002,127.257622,10495100
2019-11-18,134.220001,135.690002,132.660004,134.830002,127.153885,9291800
2019-11-19,135.000000,135.190002,134.210007,134.820007,127.144455,5192200
2019-11-20,135.110001,136.339996,134.070007,135.940002,128.200684,7594400
2019-11-21,135.940002,136.850006,135.000000,136.440002,128.672241,6424900
2019-11-22,136.649994,138.630005,136.500000,138.070007,130.209427,9235800
2019-11-25,137.059998,137.649994,136.240005,137.179993,130.266388,6111900
2019-11-26,136.470001,137.339996,135.149994,137.169998,130.256897,10636500
2019-11-27,137.160004,138.250000,136.899994,137.750000,130.807678,5523000
2019-11-29,137.600006,138.270004,136.940002,137.490005,130.560791,3278900
2019-12-02,137.720001,137.850006,136.850006,137.360001,130.437332,4717100
2019-12-03,136.910004,137.449997,136.160004,137.160004,130.247406,5741400
2019-12-04,138.500000,139.740005,138.039993,139.380005,132.355530,7257300
2019-12-05,139.350006,139.750000,137.949997,139.559998,132.526474,5472900
2019-12-06,139.460007,141.580002,139.460007,140.380005,133.305145,6640400
2019-12-09,140.389999,140.809998,140.059998,140.500000,133.419083,4241000
2019-12-10,140.800003,141.000000,139.910004,139.990005,132.934799,5310300
2019-12-11,140.929993,141.979996,140.630005,140.979996,133.874878,6631500
2019-12-12,141.320007,142.059998,140.729996,141.339996,134.216751,5012400
2019-12-13,141.100006,141.800003,140.309998,141.380005,134.254730,4257200
2019-12-16,141.729996,142.850006,141.490005,141.789993,134.644058,5353100
2019-12-17,143.000000,144.050003,142.520004,143.559998,136.324844,10722400
2019-12-18,143.720001,143.880005,142.740005,143.190002,135.973511,7849200
2019-12-19,143.889999,145.880005,143.610001,145.350006,138.024658,9414700
2019-12-20,146.880005,147.839996,144.800003,146.059998,138.698853,14532800
2019-12-23,145.740005,146.759995,145.339996,146.440002,139.059692,6558700
2019-12-24,146.000000,146.009995,145.259995,145.929993,138.575394,4238900
2019-12-26,145.970001,146.179993,145.160004,145.830002,138.480484,3019300
2019-12-27,146.199997,146.550003,145.539993,145.750000,138.404510,3432700
2019-12-30,145.779999,146.199997,145.029999,145.300003,137.977173,2923300
2019-12-31,145.100006,146.009995,144.779999,145.869995,138.518433,4435000
2020-01-02,145.869995,146.020004,145.080002,145.970001,138.613388,5777000
2020-01-03,143.500000,145.369995,143.000000,144.279999,137.008560,5752400
2020-01-06,144.000000,144.199997,142.850006,144.100006,136.837646,7731300
2020-01-07,144.009995,145.449997,141.380005,144.979996,137.673294,7382900
2020-01-08,144.869995,145.979996,143.699997,144.960007,137.654312,6605800
2020-01-09,145.759995,146.029999,144.990005,145.389999,138.062607,6112700
2020-01-10,145.750000,146.179993,144.899994,145.059998,137.749252,5042600
2020-01-13,145.479996,145.789993,144.720001,145.699997,138.357025,4593200
2020-01-14,145.050003,146.610001,144.729996,146.520004,139.135696,7037500
2020-01-15,146.399994,147.399994,146.240005,147.009995,139.600983,4960300
2020-01-16,147.419998,148.839996,146.199997,148.199997,140.731018,6476000
2020-01-17,148.410004,149.410004,147.929993,149.169998,141.652145,9083600
2020-01-21,148.580002,150.169998,148.500000,149.270004,141.747101,9543900
2020-01-22,146.699997,149.179993,146.000000,148.250000,140.778519,10305300
2020-01-23,148.039993,148.770004,146.759995,148.529999,141.044357,8671900
2020-01-24,148.580002,148.949997,147.929993,148.320007,140.845001,9051900
2020-01-27,147.520004,149.460007,147.000000,148.750000,141.253281,7587100
2020-01-28,148.460007,150.570007,148.149994,149.500000,141.965515,7336600
2020-01-29,149.449997,151.190002,149.130005,150.539993,142.953079,6288600
2020-01-30,150.029999,150.509995,149.050003,150.360001,142.782135,6470600
2020-01-31,149.750000,150.000000,148.639999,148.869995,141.367233,8651700
2020-02-03,149.419998,150.490005,149.240005,150.169998,142.601715,5765200
2020-02-04,151.490005,152.750000,151.199997,151.600006,143.959671,6541400
2020-02-05,151.720001,154.020004,151.309998,153.990005,146.229218,5979900
2020-02-06,154.250000,154.500000,152.740005,153.529999,145.792404,6201200
2020-02-07,153.339996,153.460007,151.550003,151.889999,144.235031,5700300
2020-02-10,151.679993,151.910004,150.889999,151.860001,144.206558,4835600
2020-02-11,152.289993,152.380005,151.539993,151.990005,144.330017,3715300
2020-02-12,151.869995,152.149994,150.919998,151.089996,143.475357,5166800
2020-02-13,150.160004,151.039993,149.880005,150.089996,142.525787,5480200
2020-02-14,150.559998,150.639999,149.149994,150.130005,142.563751,5716300
2020-02-18,150.470001,150.740005,149.059998,149.139999,141.623657,7230700
2020-02-19,149.210007,149.759995,148.580002,148.940002,141.433701,6115200
2020-02-20,148.610001,149.380005,147.399994,148.369995,140.892456,7464700
2020-02-21,148.089996,150.240005,147.539993,149.929993,142.373825,7776800
2020-02-24,146.500000,149.000000,145.250000,145.910004,139.439957,10588900
2020-02-25,145.990005,146.750000,143.830002,144.649994,138.235809,10529000
2020-02-26,145.350006,146.220001,143.589996,143.679993,137.308838,10093800
2020-02-27,142.559998,144.770004,138.949997,139.119995,132.951050,12566700
2020-02-28,135.360001,137.289993,130.820007,134.479996,128.516769,19820300
2020-03-02,134.779999,140.130005,134.009995,140.020004,133.811127,11508200
2020-03-03,140.000000,140.990005,133.100006,135.589996,129.577576,13662500
2020-03-04,137.679993,143.639999,137.139999,143.479996,137.117691,10560500
2020-03-05,140.800003,142.679993,139.839996,142.009995,135.712891,11339200
2020-03-06,138.479996,143.009995,137.410004,142.029999,135.731995,12239100
2020-03-09,136.330002,139.679993,134.899994,136.440002,130.389893,13848600
2020-03-10,139.970001,141.949997,134.229996,141.639999,135.359299,12698100
2020-03-11,138.089996,138.750000,131.500000,131.800003,125.955635,17763400
2020-03-12,127.309998,133.759995,124.500000,125.410004,119.848999,21539200
2020-03-13,129.320007,134.919998,124.650002,134.289993,128.335205,20084200
2020-03-16,123.570000,133.759995,122.430000,127.129997,121.492714,18877900
2020-03-17,128.550003,136.770004,127.809998,136.589996,130.533234,18911800
2020-03-18,131.020004,135.669998,128.710007,134.960007,128.975510,17521100
2020-03-19,134.990005,134.990005,126.150002,127.050003,121.416260,18482300
2020-03-20,126.830002,127.440002,118.129997,119.889999,114.573753,19785100
2020-03-23,117.000000,118.559998,109.160004,111.139999,106.211754,20815200
2020-03-24,118.760002,119.650002,113.860001,119.180000,113.895241,17604800
2020-03-25,118.910004,123.959999,116.699997,119.400002,114.105484,13986100
2020-03-26,120.570000,127.099998,120.379997,126.570000,120.957542,15066800
2020-03-27,121.650002,127.620003,120.580002,123.160004,117.698753,12133200
2020-03-30,128.460007,133.990005,127.500000,133.009995,127.111954,21754000
2020-03-31,134.990005,135.710007,130.050003,131.130005,125.315346,15746100
2020-04-01,127.699997,130.229996,125.500000,128.809998,123.098213,12606100
2020-04-02,129.119995,134.000000,127.220001,133.149994,127.245766,11594500
2020-04-03,132.380005,134.789993,131.580002,134.169998,128.220535,10071200
2020-04-06,137.009995,140.970001,135.539993,139.759995,133.562653,14994400
2020-04-07,139.860001,142.029999,137.259995,137.479996,131.383759,11567100
2020-04-08,137.750000,144.130005,137.300003,143.259995,136.907455,10758200
2020-04-09,144.009995,145.419998,140.279999,141.229996,134.967484,11125400
2020-04-13,140.000000,141.490005,137.839996,139.770004,133.572220,8153200
2020-04-14,145.419998,147.419998,144.050003,146.029999,139.554626,13838000
2020-04-15,145.550003,147.910004,143.539993,147.660004,141.112350,11962300
2020-04-16,148.309998,150.679993,146.440002,149.669998,143.033234,12181700
2020-04-17,151.990005,152.300003,149.600006,152.020004,145.279022,10920000
2020-04-20,150.929993,153.000000,150.089996,151.669998,144.944534,12226200
2020-04-21,150.119995,151.639999,148.570007,149.679993,143.042786,9951100
2020-04-22,152.809998,155.000000,151.729996,152.990005,146.206024,11515600
2020-04-23,154.250000,157.000000,153.699997,155.509995,148.614243,10665000
2020-04-24,155.570007,156.300003,153.639999,154.860001,147.993103,8653400
2020-04-27,154.809998,156.050003,154.000000,154.289993,147.448349,8924000
2020-04-28,151.250000,153.100006,150.699997,151.389999,144.676956,8558700
2020-04-29,151.380005,151.630005,149.160004,150.240005,143.577957,9285200
2020-04-30,148.460007,150.429993,147.160004,150.039993,143.386810,14829600
2020-05-01,149.619995,149.669998,146.789993,148.289993,141.714401,7309000
2020-05-04,148.770004,149.080002,147.089996,148.270004,141.695297,7198400
2020-05-05,149.000000,150.779999,148.639999,149.500000,142.870758,6562300
2020-05-06,150.000000,150.320007,148.039993,148.080002,141.513748,6191600
2020-05-07,149.369995,149.529999,147.130005,147.589996,141.045456,5570500
2020-05-08,148.919998,149.179993,147.889999,148.699997,142.106247,4712100
2020-05-11,148.449997,150.100006,148.119995,149.110001,142.498047,5887500
2020-05-12,150.100006,150.339996,147.029999,147.139999,140.615417,7039200
2020-05-13,146.080002,148.949997,146.009995,147.130005,140.605881,6970500
2020-05-14,145.389999,147.759995,144.259995,147.639999,141.093246,6871400
2020-05-15,147.869995,150.479996,145.660004,150.440002,143.769089,10340400
2020-05-18,152.490005,153.619995,150.460007,150.520004,143.845535,7388400
2020-05-19,150.100006,151.100006,148.399994,149.020004,142.412064,6107300
2020-05-20,149.750000,150.389999,147.270004,147.679993,141.131485,5713400
2020-05-21,148.500000,148.500000,145.820007,146.710007,140.204483,6487300
2020-05-22,144.570007,146.289993,144.059998,144.369995,138.924652,6140900
2020-05-26,146.190002,146.440002,144.300003,144.559998,139.107483,7072300
2020-05-27,144.320007,145.250000,143.009995,144.889999,139.425034,7950000
2020-05-28,146.020004,148.110001,145.809998,146.970001,141.426575,6189600
2020-05-29,147.960007,149.350006,145.330002,148.750000,143.139435,8504000
2020-06-01,147.289993,148.339996,146.009995,147.190002,141.638260,6141800
2020-06-02,147.059998,148.350006,146.119995,148.250000,142.658295,6078300
2020-06-03,148.520004,149.139999,146.449997,148.649994,143.043182,6339500
2020-06-04,146.800003,148.369995,145.580002,146.729996,141.195633,8170500
2020-06-05,147.690002,149.639999,146.600006,147.300003,141.744125,9725400
2020-06-08,145.880005,147.610001,145.740005,146.770004,141.234131,7555600
2020-06-09,148.250000,149.330002,145.649994,145.960007,140.454697,8247200
2020-06-10,146.600006,150.029999,146.600006,147.800003,142.225281,10137100
2020-06-11,148.580002,149.169998,140.750000,140.869995,135.556641,11913300
2020-06-12,142.839996,143.710007,140.279999,142.149994,136.788376,8687400
2020-06-15,141.000000,142.399994,139.389999,141.250000,135.922333,8649600
2020-06-16,144.089996,145.419998,142.770004,144.460007,139.011261,7579100
2020-06-17,144.899994,145.419998,143.470001,144.020004,138.587860,5100100
2020-06-18,142.520004,144.119995,141.869995,143.410004,138.000854,4797400
2020-06-19,145.789993,145.880005,143.250000,143.830002,138.405014,12206900
2020-06-22,143.470001,143.660004,142.029999,143.389999,137.981598,5285600
2020-06-23,143.740005,144.080002,142.679993,142.860001,137.471619,5921600
2020-06-24,141.490005,142.190002,138.720001,139.820007,134.546280,8211200
2020-06-25,140.570007,140.570007,137.539993,139.669998,134.401932,7421200
2020-06-26,139.529999,139.600006,137.020004,137.809998,132.612076,12849700
2020-06-29,138.740005,139.699997,137.979996,139.039993,133.795685,5309800
2020-06-30,139.399994,141.020004,137.839996,140.630005,135.325729,7738300
2020-07-01,140.690002,141.389999,140.059998,140.380005,135.085144,6174800
2020-07-02,141.250000,141.839996,140.330002,140.970001,135.652893,5152200
2020-07-06,142.169998,143.770004,141.880005,142.979996,137.587082,6156400
2020-07-07,141.389999,143.970001,141.229996,142.850006,137.462006,5622600
2020-07-08,142.869995,143.389999,141.699997,143.270004,137.866135,6257400
2020-07-09,142.759995,144.429993,140.580002,142.490005,137.115570,5738600
2020-07-10,142.750000,142.869995,141.429993,142.369995,137.000076,4282400
2020-07-13,143.610001,146.639999,143.279999,145.210007,139.732971,6951900
2020-07-14,145.320007,148.389999,145.259995,147.919998,142.340744,7447100
2020-07-15,149.729996,150.210007,148.229996,148.259995,142.667923,8512800
2020-07-16,148.679993,149.339996,146.679993,149.250000,143.620590,9304700
2020-07-17,150.000000,150.580002,148.690002,149.350006,143.716812,7441100
2020-07-20,150.229996,150.320007,148.429993,149.600006,143.957382,6191500
2020-07-21,149.600006,151.669998,149.500000,149.740005,144.092102,5575900
2020-07-22,149.929993,150.410004,147.850006,150.009995,144.351929,5910200
2020-07-23,150.210007,150.850006,149.279999,149.610001,143.966995,6566300
2020-07-24,150.500000,150.600006,147.029999,148.119995,142.533188,5405900
2020-07-27,147.369995,148.919998,146.860001,147.179993,141.628647,5675200
2020-07-28,147.399994,147.990005,146.750000,146.830002,141.291855,4842200
2020-07-29,146.389999,147.470001,146.070007,146.539993,141.012787,4489100
2020-07-30,147.440002,147.500000,146.139999,146.839996,141.301483,5922500
2020-07-31,146.660004,147.449997,143.960007,145.759995,140.262207,8259600
2020-08-03,146.389999,147.789993,146.149994,147.350006,141.792252,4078700
2020-08-04,146.990005,147.220001,145.820007,147.220001,141.667145,4162200
2020-08-05,149.100006,149.309998,147.800003,148.399994,142.802643,5467500
2020-08-06,148.399994,149.250000,146.500000,147.550003,141.984711,4837900
2020-08-07,147.509995,148.649994,147.149994,148.600006,142.995102,3635100
2020-08-10,148.860001,149.009995,147.720001,148.029999,142.446579,4096600
2020-08-11,149.139999,149.229996,146.369995,146.970001,141.426575,6388400
2020-08-12,147.539993,150.240005,147.490005,149.660004,144.015121,5257300
2020-08-13,148.539993,149.190002,147.529999,148.000000,142.417725,5155500
2020-08-14,147.610001,149.339996,147.580002,148.240005,142.648697,4240200
2020-08-17,148.320007,150.229996,148.229996,148.990005,143.370392,4306900
2020-08-18,149.259995,150.100006,148.570007,150.089996,144.428909,4322600
2020-08-19,149.580002,151.580002,149.320007,150.389999,144.717590,7816300
2020-08-20,149.750000,151.580002,149.550003,151.419998,145.708740,4874700
2020-08-21,151.779999,153.649994,150.589996,152.759995,146.998199,6722800
2020-08-24,152.740005,152.899994,150.350006,152.149994,147.385666,5387900
2020-08-25,152.779999,153.070007,151.539993,152.059998,147.298492,3863500
2020-08-26,151.860001,152.649994,150.639999,152.300003,147.530975,8008300
2020-08-27,152.419998,153.259995,151.889999,152.979996,148.189682,5575400
2020-08-28,152.740005,153.699997,151.899994,153.639999,148.829010,5395700
2020-08-31,153.000000,154.399994,152.259995,153.410004,148.606216,6362700
2020-09-01,153.869995,154.080002,150.070007,151.520004,146.775391,6307700
2020-09-02,150.789993,154.330002,149.250000,153.830002,149.013077,6881900
2020-09-03,154.830002,155.470001,148.300003,149.550003,144.867081,8672800
2020-09-04,150.169998,150.949997,147.130005,148.589996,143.937134,7200100
2020-09-08,150.250000,150.889999,146.899994,147.259995,142.648773,8756800
2020-09-09,148.149994,151.100006,148.119995,149.699997,145.012390,6960700
2020-09-10,149.250000,149.779999,146.520004,146.910004,142.309753,6191800
2020-09-11,147.050003,148.529999,146.630005,147.779999,143.152496,3934700
2020-09-14,148.119995,149.470001,148.009995,148.350006,143.704651,4375800
2020-09-15,149.449997,150.589996,148.520004,148.889999,144.227753,3658800
2020-09-16,149.389999,150.059998,148.350006,148.399994,143.753098,4323000
2020-09-17,148.039993,148.630005,146.050003,147.169998,142.561615,5461400
2020-09-18,146.509995,149.649994,146.199997,149.179993,144.508667,12174000
2020-09-21,147.580002,147.929993,142.960007,145.100006,140.556427,7574500
2020-09-22,144.690002,145.350006,143.720001,144.210007,139.694305,5295900
2020-09-23,147.479996,147.550003,144.380005,144.440002,139.917099,8784400
2020-09-24,144.559998,145.250000,143.339996,144.669998,140.139908,5614800
2020-09-25,144.000000,146.250000,143.889999,145.660004,141.098892,5531200
2020-09-28,146.729996,148.289993,146.419998,147.110001,142.503479,5843200
2020-09-29,147.600006,147.919998,146.059998,147.059998,142.455063,6768600
2020-09-30,147.449997,149.729996,146.839996,148.880005,144.218079,8487700
2020-10-01,149.309998,149.649994,146.460007,147.320007,142.706940,6457800
2020-10-02,146.210007,148.410004,145.830002,146.240005,141.660736,5485600
2020-10-05,147.000000,148.380005,146.419998,148.229996,143.588425,4992800
2020-10-06,148.279999,148.610001,145.869995,146.259995,141.680099,5118200
2020-10-07,146.490005,148.229996,145.809998,147.880005,143.249374,5603100
2020-10-08,148.500000,149.850006,148.039993,148.889999,144.227753,4413500
2020-10-09,149.649994,151.479996,149.449997,150.970001,146.242615,5054100
2020-10-12,151.600006,153.139999,151.020004,151.839996,147.085373,7273200
2020-10-13,149.000000,150.119995,147.770004,148.360001,143.714340,11057600
2020-10-14,148.820007,149.029999,147.389999,148.100006,143.462494,7706400
2020-10-15,147.479996,147.899994,146.330002,147.190002,142.580978,5978600
2020-10-16,147.600006,148.759995,147.009995,148.100006,143.462494,6097000
2020-10-19,148.529999,148.899994,144.130005,144.320007,139.800858,7250800
2020-10-20,144.660004,145.750000,144.119995,144.550003,140.023651,5325400
2020-10-21,144.119995,145.339996,143.910004,143.929993,139.423050,5221300
2020-10-22,144.160004,145.690002,143.839996,145.080002,140.537048,5279700
2020-10-23,145.880005,147.470001,144.350006,145.240005,140.692062,4154400
2020-10-26,144.429993,144.770004,142.750000,143.970001,139.461807,6929500
2020-10-27,143.740005,144.289993,142.919998,143.149994,138.667496,4890100
2020-10-28,141.429993,141.979996,138.179993,138.360001,134.027496,8426100
2020-10-29,138.000000,138.699997,136.050003,137.190002,132.894135,7205400
2020-10-30,136.679993,137.539993,133.649994,137.110001,132.816620,7364100
2020-11-02,138.979996,139.009995,137.490005,138.690002,134.347137,7088000
2020-11-03,140.020004,140.960007,137.779999,138.500000,134.163101,6363000
2020-11-04,139.490005,142.539993,138.699997,139.399994,135.034912,10263500
2020-11-05,140.550003,141.830002,139.259995,139.759995,135.383621,8016200
2020-11-06,140.399994,143.190002,139.649994,142.250000,137.795685,5942500
2020-11-09,148.429993,148.990005,144.919998,146.080002,141.505753,12351600
2020-11-10,147.250000,148.750000,146.259995,148.279999,143.636856,7386500
2020-11-11,149.169998,149.199997,146.860001,147.800003,143.171875,6382400
2020-11-12,147.610001,148.649994,146.750000,148.300003,143.656235,4710300
2020-11-13,149.089996,150.410004,148.410004,149.899994,145.206116,5893500
2020-11-16,150.919998,151.300003,149.800003,150.850006,146.126373,6266400
2020-11-17,150.000000,150.630005,149.119995,149.350006,144.673355,7297700
2020-11-18,148.869995,149.759995,147.369995,147.369995,142.755356,6661000
2020-11-19,147.300003,147.460007,145.589996,147.139999,142.532562,7987700
2020-11-20,147.050003,147.940002,146.130005,146.360001,141.776978,6354900
2020-11-23,146.009995,146.009995,143.039993,143.869995,140.333359,7318300
2020-11-24,144.000000,144.759995,143.610001,143.869995,140.333359,11034800
2020-11-25,144.059998,144.169998,142.860001,143.679993,140.148026,7594600
2020-11-27,144.500000,144.660004,143.220001,144.000000,140.460144,3059000
2020-11-30,144.229996,144.860001,143.059998,144.679993,141.123428,15663200
2020-12-01,146.289993,149.130005,145.860001,147.449997,143.825348,9738200
2020-12-02,147.850006,149.710007,147.699997,148.139999,144.498398,7745500
2020-12-03,148.039993,149.580002,147.690002,149.000000,145.337265,7310500
2020-12-04,149.789993,150.309998,149.270004,150.270004,146.576035,6747100
2020-12-07,149.350006,149.910004,148.509995,148.970001,145.307983,6634700
2020-12-08,150.000000,152.139999,149.550003,151.550003,147.824554,8339800
2020-12-09,152.830002,153.500000,151.759995,153.100006,149.336456,8440100
2020-12-10,152.820007,152.979996,151.679993,152.250000,148.507355,7392900
2020-12-11,151.529999,153.410004,151.229996,152.949997,149.190140,5977400
2020-12-14,153.250000,153.479996,148.990005,149.070007,145.405533,8547300
2020-12-15,150.000000,150.750000,149.529999,150.570007,146.868668,7612600
2020-12-16,150.199997,150.919998,149.550003,149.669998,145.990768,8486100
2020-12-17,150.089996,153.889999,149.960007,153.619995,149.843658,9920300
2020-12-18,153.649994,155.100006,151.669998,154.509995,150.711807,17137200
2020-12-21,152.009995,153.410004,150.050003,153.020004,149.258423,7893400
2020-12-22,152.399994,153.899994,151.860001,152.720001,148.965805,4699500
2020-12-23,152.800003,153.600006,151.899994,151.940002,148.204987,4607300
2020-12-24,151.850006,153.039993,151.820007,152.470001,148.721954,2114900
2020-12-28,153.320007,153.869995,152.300003,153.190002,149.424255,3855500
2020-12-29,154.110001,154.929993,153.800003,154.139999,150.350891,5212000
2020-12-30,154.740005,156.380005,154.600006,156.050003,152.213943,5412800
2020-12-31,156.529999,157.660004,155.110001,157.380005,153.511246,5099900
2021-01-04,157.240005,157.380005,154.130005,156.500000,152.652878,11765900
2021-01-05,156.250000,158.759995,155.070007,158.339996,154.447662,9602300
2021-01-06,157.240005,160.229996,156.720001,159.830002,155.901016,8230100
2021-01-07,159.000000,161.029999,158.350006,160.369995,156.427750,7747200
2021-01-08,160.509995,161.100006,159.880005,160.039993,156.105850,8228900
2021-01-11,160.559998,161.320007,158.770004,159.369995,155.452332,7066200
2021-01-12,159.149994,159.660004,157.330002,158.130005,154.242828,6903200
2021-01-13,158.229996,158.460007,156.750000,157.889999,154.008698,6643100
2021-01-14,160.449997,161.949997,159.610001,160.649994,156.700851,10030800
2021-01-15,160.300003,161.410004,159.110001,160.300003,156.359467,7630800
2021-01-19,162.000000,163.039993,161.100006,162.779999,158.778503,9057600
2021-01-20,163.199997,164.139999,161.800003,162.380005,158.388351,6839900
2021-01-21,161.320007,162.479996,160.059998,161.729996,157.754303,6818000
2021-01-22,162.360001,165.160004,161.869995,163.550003,159.529572,8137000
2021-01-25,165.009995,166.089996,163.660004,165.979996,161.899841,9924400
2021-01-26,169.699997,173.649994,169.389999,170.479996,166.289215,14205700
2021-01-27,169.119995,170.919998,167.449997,167.880005,163.753128,14207300
2021-01-28,168.199997,170.860001,167.800003,169.160004,165.001663,8944400
2021-01-29,164.259995,166.000000,160.550003,163.130005,159.119904,22505900
2021-02-01,165.309998,165.309998,162.600006,162.710007,158.710220,9971400
2021-02-02,163.380005,163.660004,161.179993,161.250000,157.286102,11443300
2021-02-03,160.940002,161.520004,159.570007,160.500000,156.554550,8601900
2021-02-04,161.000000,162.089996,159.759995,161.990005,158.007935,7758100
2021-02-05,164.860001,165.440002,163.860001,164.449997,160.407455,9495300
2021-02-08,165.029999,165.919998,163.880005,164.919998,160.865891,6035300
2021-02-09,165.199997,166.589996,164.970001,166.270004,162.182709,5544200
2021-02-10,167.889999,167.940002,165.699997,166.809998,162.709427,5921300
2021-02-11,167.000000,167.380005,165.600006,166.059998,161.977859,4871300
2021-02-12,164.399994,166.850006,164.000000,166.580002,162.485107,4413100
2021-02-16,166.580002,167.050003,164.639999,165.070007,161.012222,5656100
2021-02-17,164.970001,166.089996,164.360001,165.660004,161.587708,6676700
2021-02-18,164.960007,166.160004,164.300003,165.740005,161.665741,5189100
2021-02-19,165.600006,165.960007,162.910004,162.979996,158.973572,8190900
2021-02-22,161.869995,162.539993,160.289993,161.869995,158.875427,6447100
2021-02-23,161.479996,163.190002,160.399994,160.440002,157.471909,7042800
2021-02-24,162.399994,164.389999,160.919998,162.589996,159.582108,10286100
2021-02-25,163.130005,163.699997,161.990005,162.759995,159.748978,9719700
2021-02-26,162.000000,162.410004,157.970001,158.460007,155.528534,14417500
2021-03-01,161.449997,161.529999,159.089996,159.320007,156.372620,10551400
2021-03-02,159.779999,160.779999,158.600006,159.020004,156.078186,7610900
2021-03-03,158.250000,158.899994,156.059998,156.220001,153.329987,8499600
2021-03-04,155.990005,156.100006,151.470001,153.070007,150.238251,11033200
2021-03-05,153.979996,156.690002,153.130005,156.100006,153.212189,8331600
2021-03-08,157.000000,159.330002,155.979996,157.399994,154.488129,6546700
2021-03-09,156.889999,160.750000,156.889999,157.699997,154.782593,7461300
2021-03-10,158.820007,159.899994,157.360001,159.149994,156.205750,6635600
2021-03-11,159.539993,160.630005,158.919998,159.139999,156.195938,6305600
2021-03-12,159.279999,160.309998,159.190002,159.600006,156.647446,5474800
2021-03-15,159.750000,160.660004,158.500000,160.419998,157.452271,5524100
2021-03-16,160.460007,161.679993,160.240005,161.369995,158.384689,6369100
2021-03-17,160.830002,161.729996,159.529999,160.770004,157.795807,6001400
2021-03-18,160.210007,161.490005,159.960007,160.470001,157.501343,4801800
2021-03-19,160.690002,161.500000,159.470001,160.039993,157.079300,14891500
2021-03-22,158.309998,160.649994,158.000000,160.500000,157.530792,7544100
2021-03-23,160.210007,161.199997,158.880005,160.350006,157.383575,7178300
2021-03-24,160.100006,162.479996,159.820007,161.910004,158.914703,6370100
2021-03-25,162.440002,162.449997,160.639999,161.970001,158.973587,6269800
2021-03-26,162.089996,165.100006,161.380005,164.929993,161.878830,7619200
2021-03-29,163.830002,167.029999,163.630005,166.039993,162.968292,8535100
2021-03-30,165.020004,165.660004,164.229996,165.009995,161.957352,7236300
2021-03-31,164.960007,165.389999,163.699997,164.350006,161.309570,8281500
2021-04-01,162.600006,163.839996,162.259995,162.830002,159.817703,7229700
2021-04-05,163.639999,164.750000,162.660004,163.429993,160.406570,7387100
2021-04-06,164.080002,164.520004,163.000000,163.389999,160.367325,5074200
2021-04-07,163.550003,164.279999,163.320007,163.610001,160.583252,4608000
2021-04-08,164.000000,164.110001,162.850006,162.970001,159.955093,5039400
2021-04-09,162.119995,162.929993,159.779999,161.250000,158.266907,8418300
2021-04-12,161.089996,162.080002,160.339996,161.639999,158.649689,5022800
2021-04-13,156.860001,159.929993,156.529999,159.479996,156.529648,18424100
2021-04-14,157.830002,160.110001,157.539993,159.919998,156.961517,7718300
2021-04-15,160.720001,162.389999,160.229996,160.389999,157.422821,7524600
2021-04-16,161.339996,162.509995,160.559998,162.240005,159.238602,9049400
2021-04-19,162.500000,163.110001,160.839996,162.690002,159.680283,8353500
2021-04-20,161.000000,167.789993,161.000000,166.479996,163.400146,14050700
2021-04-21,166.369995,166.910004,165.289993,166.589996,163.508133,6333200
2021-04-22,165.839996,166.279999,164.619995,165.179993,162.124207,7233000
2021-04-23,164.529999,166.059998,164.000000,165.520004,162.457916,6015300
2021-04-26,165.210007,165.410004,163.759995,164.119995,161.083801,6027800
2021-04-27,163.759995,163.910004,162.470001,163.179993,160.161194,6217700
2021-04-28,162.860001,163.199997,161.649994,161.979996,158.983414,7448000
2021-04-29,161.899994,164.259995,161.809998,164.199997,161.162323,6394300
2021-04-30,164.149994,164.330002,162.520004,162.729996,159.719528,9079100
2021-05-03,163.600006,165.320007,163.119995,165.210007,162.153656,6594100
2021-05-04,164.830002,167.850006,164.669998,167.770004,164.666290,10179500
2021-05-05,167.500000,168.399994,166.789993,167.070007,163.979248,7792300
2021-05-06,166.789993,167.889999,166.240005,167.740005,164.636856,5529900
2021-05-07,168.300003,169.179993,167.830002,168.500000,165.382782,5316200
2021-05-10,169.899994,171.529999,169.229996,170.270004,167.120041,8357500
2021-05-11,170.649994,170.869995,168.279999,168.880005,165.755768,8217900
2021-05-12,168.539993,169.800003,167.949997,168.199997,165.088333,6758300
2021-05-13,166.970001,170.699997,166.970001,169.960007,166.815781,8018600
2021-05-14,171.479996,171.610001,170.169998,170.220001,167.070969,5797700
2021-05-17,170.399994,171.889999,170.309998,170.389999,167.237823,5722600
2021-05-18,169.979996,171.369995,169.529999,170.449997,167.296722,5846000
2021-05-19,169.910004,170.160004,168.039993,170.080002,166.933563,5533800
2021-05-20,169.940002,171.589996,169.690002,171.070007,167.905258,4853200
2021-05-21,171.330002,172.740005,170.869995,170.960007,167.797287,6501800
2021-05-24,170.899994,171.350006,169.770004,170.550003,168.439240,5195100
2021-05-25,170.669998,171.029999,169.740005,170.080002,167.975052,7444700
2021-05-26,170.000000,170.080002,168.279999,169.070007,166.977554,5726400
2021-05-27,169.259995,170.169998,168.380005,168.809998,166.720749,8114700
2021-05-28,169.520004,171.009995,169.169998,169.250000,167.155319,6400800
2021-06-01,170.149994,170.199997,165.380005,165.529999,163.481354,10448400
2021-06-02,165.300003,166.729996,165.110001,166.199997,164.143066,6806000
2021-06-03,165.889999,167.149994,165.710007,166.039993,163.985046,5808800
2021-06-04,167.009995,167.570007,165.869995,165.970001,163.915909,6510300
2021-06-07,166.000000,166.320007,164.630005,164.839996,162.799896,5362800
2021-06-08,165.279999,165.660004,162.070007,163.389999,161.367844,7746800
2021-06-09,163.990005,165.779999,163.660004,165.589996,163.540619,5552600
2021-06-10,166.000000,167.580002,165.949997,167.080002,165.012177,6463100
2021-06-11,167.070007,167.080002,164.220001,164.960007,162.918427,7389900
2021-06-14,164.500000,165.460007,163.899994,165.369995,163.323334,4931300
2021-06-15,165.229996,165.860001,164.389999,164.490005,162.454239,5062900
2021-06-16,164.800003,165.750000,163.479996,164.429993,162.394958,6988500
2021-06-17,164.190002,165.699997,163.500000,165.220001,163.175186,5874700
2021-06-18,163.270004,164.190002,161.789993,161.979996,159.975296,12993000
2021-06-21,162.770004,164.259995,162.250000,163.839996,161.812271,6592300
2021-06-22,163.710007,164.039993,163.279999,163.619995,161.595001,5627800
2021-06-23,163.690002,163.690002,162.479996,162.630005,160.617249,4493400
2021-06-24,163.270004,164.199997,162.800003,163.369995,161.348083,4549200
2021-06-25,162.940002,164.779999,162.889999,164.210007,162.177704,10963800
2021-06-28,164.440002,165.070007,163.520004,164.020004,161.990051,5604000
2021-06-29,164.000000,164.639999,163.410004,164.029999,161.999924,3749500
2021-06-30,164.000000,164.970001,163.669998,164.740005,162.701141,6151700
2021-07-01,164.740005,166.009995,164.630005,165.960007,163.906052,6320200
2021-07-02,166.020004,169.300003,165.639999,168.979996,166.888657,9059900
2021-07-06,167.910004,168.860001,166.990005,167.970001,165.891174,6098500
2021-07-07,167.479996,169.500000,167.479996,169.410004,167.313339,6293500
2021-07-08,168.699997,169.460007,167.580002,169.080002,166.987427,5755500
2021-07-09,169.369995,170.369995,169.240005,169.750000,167.649139,6120900
2021-07-12,169.729996,171.179993,168.539993,169.479996,167.382462,7840500
2021-07-13,168.970001,169.759995,168.669998,169.270004,167.175064,4691200
2021-07-14,170.000000,170.830002,169.039993,170.419998,168.310837,6162900
2021-07-15,169.300003,169.899994,167.720001,168.369995,166.286209,6656900
2021-07-16,168.339996,169.089996,167.949997,168.100006,166.019547,5834900
2021-07-19,166.479996,168.190002,165.320007,166.880005,164.814667,8219700
2021-07-20,166.899994,170.809998,166.839996,168.449997,166.365219,9902800
2021-07-21,169.300003,169.690002,167.479996,169.490005,167.392349,7585200
2021-07-22,169.360001,171.070007,168.649994,169.979996,167.876282,5281900
2021-07-23,171.000000,172.179993,170.380005,171.789993,169.663879,5014900
2021-07-26,171.820007,172.139999,170.860001,171.869995,169.742889,4484900
2021-07-27,171.800003,172.720001,170.669998,172.660004,170.523117,7089300
2021-07-28,172.729996,173.380005,172.080002,172.179993,170.049057,5750700
2021-07-29,172.740005,173.339996,171.089996,172.179993,170.049057,4214100
2021-07-30,172.539993,172.979996,171.839996,172.199997,170.068802,5346400
2021-08-02,172.470001,172.839996,171.300003,172.270004,170.137955,3721500
2021-08-03,172.729996,174.500000,172.440002,174.389999,172.231705,6033000
2021-08-04,174.199997,174.589996,173.259995,173.360001,171.214447,4793100
2021-08-05,173.850006,173.850006,172.419998,173.690002,171.540375,4291000
2021-08-06,173.940002,173.940002,172.449997,173.110001,170.967545,4580600
2021-08-09,173.720001,174.250000,172.929993,173.710007,171.560120,3950200
2021-08-10,173.259995,174.110001,172.779999,173.770004,171.619385,3678300
2021-08-11,174.250000,174.470001,173.559998,173.800003,171.649017,4221300
2021-08-12,173.820007,175.289993,173.589996,175.199997,173.031677,4300400
2021-08-13,175.289993,176.289993,175.119995,176.250000,174.068680,5881600
2021-08-16,176.550003,177.889999,175.949997,177.839996,175.639008,4782800
2021-08-17,177.309998,179.509995,177.309998,179.470001,177.248840,6041900
2021-08-18,179.500000,179.500000,177.130005,177.190002,174.997055,7134100
2021-08-19,176.619995,179.330002,176.070007,178.570007,176.359985,5615000
2021-08-20,178.889999,179.919998,178.070007,179.440002,177.219208,5425300
2021-08-23,178.389999,178.929993,177.539993,177.610001,176.454208,6461700
2021-08-24,176.990005,177.210007,175.279999,175.389999,174.248657,5734800
2021-08-25,175.690002,175.899994,173.889999,174.229996,173.096207,5700300
2021-08-26,173.949997,174.720001,173.050003,173.300003,172.172256,5031600
2021-08-27,174.279999,174.279999,172.750000,172.929993,171.804657,7044400
2021-08-30,172.789993,174.279999,172.779999,173.660004,172.529922,3252700
2021-08-31,173.490005,174.490005,172.479996,173.130005,172.003372,7106800
2021-09-01,172.899994,173.740005,172.059998,173.740005,172.609406,5327400
2021-09-02,174.339996,175.190002,173.910004,174.929993,173.791641,4544300
2021-09-03,175.100006,175.220001,173.809998,175.039993,173.900925,4096900
2021-09-07,174.350006,175.029999,171.669998,172.320007,171.198639,6859900
2021-09-08,171.619995,172.979996,171.080002,171.899994,170.781357,4661700
2021-09-09,171.190002,171.479996,167.699997,168.070007,166.976303,7114600
2021-09-10,168.550003,169.089996,166.869995,166.970001,165.883453,6696100
2021-09-13,167.919998,168.119995,165.130005,165.800003,164.721069,6273500
2021-09-14,166.399994,166.539993,164.509995,164.800003,163.727570,5259600
2021-09-15,165.000000,165.960007,164.309998,165.419998,164.343536,7935300
2021-09-16,165.649994,166.460007,164.190002,165.220001,164.144836,5665400
2021-09-17,164.300003,164.910004,163.559998,164.750000,163.677902,13419800
2021-09-20,163.479996,165.169998,162.169998,163.809998,162.744019,7270800
2021-09-21,164.610001,165.979996,164.240005,164.529999,163.459320,6663600
2021-09-22,165.350006,165.949997,163.630005,163.929993,162.863220,5657100
2021-09-23,164.399994,165.770004,164.149994,164.860001,163.787186,4697900
2021-09-24,164.750000,165.649994,163.889999,164.360001,163.290436,4399300
2021-09-27,164.000000,164.360001,162.850006,163.169998,162.108170,5775500
2021-09-28,163.100006,163.910004,161.770004,162.809998,161.750519,7610400
2021-09-29,163.000000,164.660004,162.779999,164.020004,162.952652,5124100
2021-09-30,164.639999,165.399994,161.410004,161.500000,160.449051,6972300
2021-10-01,161.529999,161.899994,158.619995,160.470001,159.425751,8568300
2021-10-04,159.990005,161.000000,157.669998,159.220001,158.183884,8620700
2021-10-05,159.860001,161.110001,159.149994,159.580002,158.541534,5129000
2021-10-06,159.869995,159.949997,157.839996,159.910004,158.869400,7312600
2021-10-07,160.020004,162.610001,160.020004,161.339996,160.290085,5309200
2021-10-08,161.320007,161.610001,160.250000,160.929993,159.882751,4343200
2021-10-11,160.860001,161.850006,159.940002,160.250000,159.207184,4101600
2021-10-12,160.000000,160.179993,157.339996,157.690002,156.663849,6686400
2021-10-13,157.820007,160.080002,157.750000,159.199997,158.164017,6901100
2021-10-14,159.710007,161.139999,159.600006,160.110001,159.068085,4579200
2021-10-15,161.029999,161.809998,160.410004,161.300003,160.250351,6912500
2021-10-18,160.250000,160.889999,159.199997,160.119995,159.078018,7465500
2021-10-19,160.899994,165.149994,160.729996,163.869995,162.803619,10081300
2021-10-20,163.979996,164.750000,163.259995,163.779999,162.714203,6003200
2021-10-21,164.300003,164.389999,162.279999,163.399994,162.336670,4524100
2021-10-22,163.059998,164.059998,162.960007,163.720001,162.654602,4304300
2021-10-25,163.720001,164.309998,161.710007,164.080002,163.012253,6715400
2021-10-26,164.559998,166.029999,164.050003,165.750000,164.671387,6939100
2021-10-27,165.679993,165.759995,163.309998,163.740005,162.674469,7018800
2021-10-28,163.770004,165.199997,162.320007,162.850006,161.790268,6278800
2021-10-29,162.350006,163.250000,160.610001,162.880005,161.820068,8526400
2021-11-01,163.160004,163.979996,159.399994,163.020004,161.959152,5846400
2021-11-02,163.699997,166.979996,162.979996,165.589996,164.512421,8450600
2021-11-03,165.039993,165.770004,163.429993,165.059998,163.985870,6717800
2021-11-04,164.940002,164.990005,162.669998,164.600006,163.528885,8224400
2021-11-05,162.479996,164.600006,162.199997,163.429993,162.366486,6214600
2021-11-08,163.679993,164.169998,162.009995,162.869995,161.810120,5578800
2021-11-09,162.610001,163.589996,162.020004,162.509995,161.452469,6112800
2021-11-10,162.529999,164.839996,162.350006,164.270004,163.201019,6225100
2021-11-11,163.490005,163.809998,162.490005,163.059998,161.998886,4118800
2021-11-12,167.429993,167.619995,164.610001,165.009995,163.936203,18982100
2021-11-15,165.000000,165.460007,163.220001,163.520004,162.455902,7496200
2021-11-16,163.179993,164.350006,162.619995,162.669998,161.611435,7594700
2021-11-17,162.869995,163.860001,161.789993,163.279999,162.217468,5414500
2021-11-18,163.449997,164.470001,162.130005,162.399994,161.343185,6358700
2021-11-19,163.039993,163.190002,161.779999,162.889999,161.830002,7620700
2021-11-22,161.029999,162.639999,159.649994,159.699997,159.699997,7634500
2021-11-23,159.520004,161.000000,158.779999,160.690002,160.690002,7734000
2021-11-24,160.139999,160.619995,159.380005,160.240005,160.240005,5230900
2021-11-26,160.600006,161.160004,158.660004,159.199997,159.199997,8523100
2021-11-29,159.500000,160.419998,158.419998,159.750000,159.750000,9188500
2021-11-30,158.509995,159.000000,155.850006,155.929993,155.929993,14981700
2021-12-01,156.880005,160.080002,156.250000,158.080002,158.080002,9835800
2021-12-02,157.259995,159.289993,156.750000,157.089996,157.089996,11334700
2021-12-03,157.910004,159.669998,157.589996,159.380005,159.380005,8750200
2021-12-06,160.190002,163.520004,159.830002,162.940002,162.940002,9692000
2021-12-07,164.000000,164.270004,162.410004,163.360001,163.360001,8311300
2021-12-08,163.470001,164.570007,162.639999,164.339996,164.339996,6216400